# Fig 4(d) HH curve = his published closed-form model QuartzAu_800nm_HHNMRP1S0p01.mx at h0=121 um, phi=0.
# Embedded (option B): my numeric single-pass-omega HH diverges for the strong-reflector Au (documented);
# HH is the deliberately-failing illustrative curve (paper Fig 4d, x1.5). theta_deg, I_p (a.u.)
0.0000,5.380167197
0.0200,5.380186587
0.0400,5.380243354
0.0600,5.38033672
0.0800,5.380465933
0.1000,5.380629941
0.1200,5.380827391
0.1400,5.381056626
0.1600,5.381315687
0.1800,5.381602311
0.2000,5.381913929
0.2200,5.382247667
0.2400,5.382600341
0.2600,5.382968461
0.2800,5.383348224
0.3000,5.383735517
0.3200,5.384125912
0.3400,5.384514669
0.3600,5.384896732
0.3800,5.385266727
0.4000,5.385618962
0.4200,5.385947429
0.4400,5.386245797
0.4600,5.386507419
0.4800,5.386725324
0.5000,5.386892228
0.5200,5.387000525
0.5400,5.387042292
0.5600,5.387009291
0.5800,5.386892969
0.6000,5.386684465
0.6200,5.386374612
0.6400,5.385953939
0.6600,5.385412679
0.6800,5.384740774
0.7000,5.383927882
0.7200,5.382963385
0.7400,5.381836398
0.7600,5.380535783
0.7800,5.379050152
0.8000,5.377367888
0.8200,5.375477155
0.8400,5.373365915
0.8600,5.371021944
0.8800,5.368432849
0.9000,5.365586092
0.9200,5.362469007
0.9400,5.359068826
0.9600,5.355372703
0.9800,5.35136774
1.0000,5.347041014
1.0200,5.34237961
1.0400,5.337370648
1.0600,5.332001319
1.0800,5.326258918
1.1000,5.320130884
1.1200,5.313604828
1.1400,5.306668586
1.1600,5.299310245
1.1800,5.291518198
1.2000,5.283281171
1.2200,5.274588284
1.2400,5.265429083
1.2600,5.25579359
1.2800,5.245672347
1.3000,5.235056464
1.3200,5.223937662
1.3400,5.21230832
1.3600,5.200161522
1.3800,5.187491101
1.4000,5.174291679
1.4200,5.160558716
1.4400,5.146288548
1.4600,5.131478425
1.4800,5.116126552
1.5000,5.100232123
1.5200,5.083795355
1.5400,5.066817514
1.5600,5.04930095
1.5800,5.031249114
1.6000,5.012666579
1.6200,4.993559065
1.6400,4.973933441
1.6600,4.953797741
1.6800,4.933161167
1.7000,4.912034091
1.7200,4.89042805
1.7400,4.868355739
1.7600,4.845830997
1.7800,4.822868794
1.8000,4.799485207
1.8200,4.775697395
1.8400,4.751523571
1.8600,4.726982969
1.8800,4.702095807
1.9000,4.676883245
1.9200,4.651367342
1.9400,4.62557101
1.9600,4.599517967
1.9800,4.573232676
2.0000,4.546740302
2.0200,4.520066647
2.0400,4.493238102
2.0600,4.466281578
2.0800,4.439224455
2.1000,4.412094518
2.1200,4.384919903
2.1400,4.357729032
2.1600,4.330550558
2.1800,4.303413308
2.2000,4.276346227
2.2200,4.249378322
2.2400,4.222538614
2.2600,4.195856085
2.2800,4.169359632
2.3000,4.143078024
2.3200,4.117039856
2.3400,4.091273515
2.3600,4.065807143
2.3800,4.040668604
2.4000,4.015885455
2.4200,3.991484926
2.4400,3.96749389
2.4600,3.943938848
2.4800,3.920845919
2.5000,3.89824082
2.5200,3.876148864
2.5400,3.854594952
2.5600,3.833603574
2.5800,3.813198803
2.6000,3.793404308
2.6200,3.774243356
2.6400,3.755738818
2.6600,3.737913187
2.6800,3.720788586
2.7000,3.704386785
2.7200,3.688729216
2.7400,3.673836994
2.7600,3.659730934
2.7800,3.646431571
2.8000,3.633959179
2.8200,3.622333797
2.8400,3.611575239
2.8600,3.601703124
2.8800,3.592736888
2.9000,3.584695805
2.9200,3.577599
2.9400,3.571465463
2.9600,3.566314061
2.9800,3.562163544
3.0000,3.559032547
3.0200,3.556939595
3.0400,3.555903085
3.0600,3.555941289
3.0800,3.557072322
3.1000,3.559314124
3.1200,3.562684419
3.1400,3.567200676
3.1600,3.57288005
3.1800,3.579739317
3.2000,3.587794792
3.2200,3.597062236
3.2400,3.607556742
3.2600,3.619292613
3.2800,3.632283206
3.3000,3.646540771
3.3200,3.662076251
3.3400,3.678899073
3.3600,3.697016898
3.3800,3.716435354
3.4000,3.737157727
3.4200,3.759184632
3.4400,3.782513635
3.4600,3.807138855
3.4800,3.833050512
3.5000,3.860234456
3.5200,3.88867164
3.5400,3.918337566
3.5600,3.949201695
3.5800,3.981226812
3.6000,4.014368376
3.6200,4.048573836
3.6400,4.08378193
3.6600,4.119921971
3.6800,4.156913146
3.7000,4.194663817
3.7200,4.233070867
3.7400,4.272019085
3.7600,4.311380634
3.7800,4.351014614
3.8000,4.39076675
3.8200,4.430469239
3.8400,4.469940787
3.8600,4.508986863
3.8800,4.547400213
3.9000,4.584961658
3.9200,4.621441208
3.9400,4.656599519
3.9600,4.690189703
3.9800,4.721959503
4.0000,4.75165384
4.0200,4.779017698
4.0400,4.803799328
4.0600,4.825753734
4.0800,4.844646352
4.1000,4.860256884
4.1200,4.872383141
4.1400,4.880844859
4.1600,4.88548731
4.1800,4.886184633
4.2000,4.88284277
4.2200,4.875401872
4.2400,4.863838115
4.2600,4.848164835
4.2800,4.828432929
4.3000,4.804730504
4.3200,4.777181773
4.3400,4.745945232
4.3600,4.711211186
4.3800,4.67319868
4.4000,4.632151972
4.4200,4.58833664
4.4400,4.542035458
4.4600,4.493544155
4.4800,4.443167195
4.5000,4.391213675
4.5200,4.337993444
4.5400,4.283813518
4.5600,4.228974876
4.5800,4.173769645
4.6000,4.118478734
4.6200,4.063369911
4.6400,4.008696308
4.6600,3.95469536
4.6800,3.901588125
4.7000,3.849578967
4.7200,3.79885555
4.7400,3.74958911
4.7600,3.701934945
4.7800,3.656033109
4.8000,3.612009235
4.8200,3.569975477
4.8400,3.53003152
4.8600,3.492265634
4.8800,3.456755755
4.9000,3.423570539
4.9200,3.39277042
4.9400,3.364408605
4.9600,3.338532027
4.9800,3.315182229
5.0000,3.294396181
5.0200,3.276207014
5.0400,3.260644667
5.0600,3.247736444
5.0800,3.237507478
5.1000,3.229981085
5.1200,3.225179021
5.1400,3.223121615
5.1600,3.223827789
5.1800,3.227314944
5.2000,3.233598704
5.2200,3.242692518
5.2400,3.254607089
5.2600,3.269349632
5.2800,3.286922936
5.3000,3.307324222
5.3200,3.330543764
5.3400,3.356563285
5.3600,3.385354086
5.3800,3.416874917
5.4000,3.451069564
5.4200,3.48786418
5.4400,3.527164348
5.4600,3.568851907
5.4800,3.612781597
5.5000,3.65877757
5.5200,3.706629884
5.5400,3.756091065
5.5600,3.806872944
5.5800,3.85864392
5.6000,3.911026915
5.6200,3.963598268
5.6400,4.015887858
5.6600,4.067380786
5.6800,4.117520877
5.7000,4.165716288
5.7200,4.211347419
5.7400,4.253777208
5.7600,4.292363779
5.7800,4.326475241
5.8000,4.355506199
5.8200,4.378895418
5.8400,4.396143816
5.8600,4.406831885
5.8800,4.410635506
5.9000,4.40733917
5.9200,4.396845689
5.9400,4.379181681
5.9600,4.354498396
5.9800,4.323067769
6.0000,4.285273913
6.0200,4.241600615
6.0400,4.19261566
6.0600,4.138952936
6.0800,4.081293429
6.1000,4.020346139
6.1200,3.956829866
6.1400,3.891456638
6.1600,3.824917364
6.1800,3.757870042
6.2000,3.690930675
6.2200,3.624666861
6.2400,3.559593869
6.2600,3.496172929
6.2800,3.434811399
6.3000,3.375864453
6.3200,3.319637915
6.3400,3.266391932
6.3600,3.216345174
6.3800,3.16967931
6.4000,3.12654356
6.4200,3.087059159
6.4400,3.051323603
6.4600,3.019414598
6.4800,2.991393633
6.5000,2.967309159
6.5200,2.947199328
6.5400,2.931094278
6.5600,2.919017968
6.5800,2.910989537
6.6000,2.907024197
6.6200,2.907133623
6.6400,2.911325843
6.6600,2.919604589
6.6800,2.931968085
6.7000,2.94840722
6.7200,2.968903075
6.7400,2.993423745
6.7600,3.021920406
6.7800,3.05432259
6.8000,3.090532642
6.8200,3.130419349
6.8400,3.173810797
6.8600,3.220486533
6.8800,3.270169238
6.9000,3.322516179
6.9200,3.37711085
6.9400,3.433455384
6.9600,3.490964417
6.9800,3.548961322
7.0000,3.606677777
7.0200,3.663257765
7.0400,3.717767022
7.0600,3.769208823
7.0800,3.816546628
7.1000,3.858733583
7.1200,3.89474819
7.1400,3.923634625
7.1600,3.944545368
7.1800,3.956783086
7.2000,3.95983831
7.2200,3.953419395
7.2400,3.937471745
7.2600,3.91218421
7.2800,3.877981796
7.3000,3.835505332
7.3200,3.785580034
7.3400,3.729175945
7.3600,3.667363846
7.3800,3.601270322
7.4000,3.532035255
7.4200,3.460774357
7.4400,3.388548456
7.4600,3.316340345
7.4800,3.245039235
7.5000,3.175432216
7.5200,3.108201742
7.5400,3.043927963
7.5600,2.983094642
7.5800,2.92609753
7.6000,2.873254178
7.6200,2.82481436
7.6400,2.780970472
7.6600,2.741867446
7.6800,2.707611851
7.7000,2.67827999
7.7200,2.653924868
7.7400,2.634581993
7.7600,2.620273968
7.7800,2.61101389
7.8000,2.606807562
7.8200,2.607654484
7.8400,2.613547625
7.8600,2.624471922
7.8800,2.640401423
7.9000,2.661295012
7.9200,2.687090603
7.9400,2.717697692
7.9600,2.752988219
7.9800,2.792785693
8.0000,2.836852644
8.0200,2.884876642
8.0400,2.936455269
8.0600,2.991080789
8.0800,3.048125551
8.1000,3.106829607
8.1200,3.166292454
8.1400,3.225471157
8.1600,3.283187374
8.1800,3.338145676
8.2000,3.388965116
8.2200,3.434224917
8.2400,3.472523596
8.2600,3.50254872
8.2800,3.523152319
8.3000,3.533425015
8.3200,3.532760737
8.3400,3.52090408
8.3600,3.497973882
8.3800,3.464459507
8.4000,3.421190051
8.4200,3.369280269
8.4400,3.310060051
8.4600,3.244995729
8.4800,3.175611625
8.5000,3.103418946
8.5200,3.029857029
8.5400,2.956249561
8.5600,2.883776194
8.5800,2.813458297
8.6000,2.746156505
8.6200,2.682577288
8.6400,2.623285726
8.6600,2.56872198
8.6800,2.519219426
8.7000,2.475022885
8.7200,2.436305874
8.7400,2.40318616
8.7600,2.375739243
8.7800,2.354009543
8.8000,2.338019264
8.8200,2.327774917
8.8400,2.323271563
8.8600,2.324494774
8.8800,2.331420302
8.9000,2.344011408
8.9200,2.362213714
8.9400,2.385947455
8.9600,2.415096941
8.9800,2.449497119
9.0000,2.488917157
9.0200,2.533041231
9.0400,2.581446927
9.0600,2.633582197
9.0800,2.688742396
9.1000,2.746049745
9.1200,2.804438421
9.1400,2.86264931
9.1600,2.919239035
9.1800,2.972607769
9.2000,3.021049409
9.2200,3.062825353
9.2400,3.096259725
9.2600,3.11984937
9.2800,3.132377562
9.3000,3.133017084
9.3200,3.121407591
9.3400,3.097694623
9.3600,3.062523275
9.3800,3.016986999
9.4000,2.96253946
9.4200,2.900882906
9.4400,2.833848735
9.4600,2.763284921
9.4800,2.69096133
9.5000,2.618499176
9.5200,2.547326192
9.5400,2.478655452
9.5600,2.413483538
9.5800,2.352602866
9.6000,2.296623066
9.6200,2.245997071
9.6400,2.201048549
9.6600,2.161998297
9.6800,2.128988109
9.7000,2.102101264
9.7200,2.08137927
9.7400,2.066834757
9.7600,2.058460591
9.7800,2.056235279
9.8000,2.060124734
9.8200,2.070080385
9.8400,2.086033519
9.8600,2.107885677
9.8800,2.13549486
9.9000,2.168657364
9.9200,2.207085193
9.9400,2.250379334
9.9600,2.297999781
9.9800,2.34923404
10.0000,2.403167086
10.0200,2.458657161
10.0400,2.514323366
10.0600,2.568552182
10.0800,2.61953031
10.1000,2.665309874
10.1200,2.703908375
10.1400,2.733439708
10.1600,2.752264885
10.1800,2.759143535
10.2000,2.753362509
10.2200,2.734818347
10.2400,2.704037108
10.2600,2.662126697
10.2800,2.610670232
10.3000,2.551579848
10.3200,2.486935723
10.3400,2.41883402
10.3600,2.349261476
10.3800,2.28000599
10.4000,2.212604697
10.4200,2.148325086
10.4400,2.088171654
10.4600,2.032909664
10.4800,1.98309844
10.5000,1.939128155
10.5200,1.901255881
10.5400,1.869638205
10.5600,1.844358975
10.5800,1.825451554
10.6000,1.812915475
10.6200,1.806727615
10.6400,1.806848064
10.6600,1.813220785
10.6800,1.825769043
10.7000,1.844385434
10.7200,1.868916223
10.7400,1.899139749
10.7600,1.934738793
10.7800,1.975267298
10.8000,2.020112718
10.8200,2.068456601
10.8400,2.119237952
10.8600,2.171126201
10.8800,2.222512893
10.9000,2.271532715
10.9200,2.316123997
10.9400,2.354135126
10.9600,2.383475615
10.9800,2.402299424
11.0000,2.409196097
11.0200,2.403356566
11.0400,2.384679788
11.0600,2.353795758
11.0800,2.311998394
11.1000,2.261102182
11.1200,2.203252296
11.1400,2.140724189
11.1600,2.075744565
11.1800,2.010354757
11.2000,1.946324495
11.2200,1.885113252
11.2400,1.827869636
11.2600,1.775456861
11.2800,1.728492927
11.3000,1.687396415
11.3200,1.652431531
11.3400,1.6237485
11.3600,1.601417298
11.3800,1.585453977
11.4000,1.575839519
11.4200,1.572531465
11.4400,1.575468589
11.4600,1.584568733
11.4800,1.599719719
11.5000,1.620763074
11.5200,1.647470248
11.5400,1.679511177
11.5600,1.71641564
11.5800,1.757529015
11.6000,1.801965956
11.6200,1.84856818
11.6400,1.895875869
11.6600,1.942125282
11.6800,1.985286788
11.7000,2.023155738
11.7200,2.05350142
11.7400,2.074266286
11.7600,2.08379079
11.7800,2.08102396
11.8000,2.065673779
11.8200,2.03825982
11.8400,2.00005304
11.8600,1.952916342
11.8800,1.899083301
11.9000,1.840922559
11.9200,1.780730154
11.9400,1.720576495
11.9600,1.662216542
11.9800,1.607057268
12.0000,1.556168489
12.0200,1.510321045
12.0400,1.47003823
12.0600,1.435649974
12.0800,1.407343075
12.1000,1.38520383
12.1200,1.369251565
12.1400,1.35946279
12.1600,1.355786276
12.1800,1.358149449
12.2000,1.366456348
12.2200,1.380577093
12.2400,1.400328616
12.2600,1.425446312
12.2800,1.455546612
12.3000,1.490081417
12.3200,1.52828712
12.3400,1.56913386
12.3600,1.611284545
12.3800,1.653077531
12.4000,1.692550114
12.4200,1.72751973
12.4400,1.755733003
12.4600,1.775077903
12.4800,1.783832943
12.5000,1.780906481
12.5200,1.766009211
12.5400,1.739712367
12.5600,1.703373042
12.5800,1.658945477
12.6000,1.608726999
12.6200,1.555097699
12.6400,1.500302859
12.6600,1.446305082
12.6800,1.39471012
12.7000,1.346754264
12.7200,1.303334037
12.7400,1.265059007
12.7600,1.232312455
12.7800,1.205309765
12.8000,1.184148796
12.8200,1.168849744
12.8400,1.159383888
12.8600,1.155691562
12.8800,1.157689864
12.9000,1.165270493
12.9200,1.178287716
12.9400,1.196536232
12.9600,1.219718649
12.9800,1.247402828
13.0000,1.278970754
13.0200,1.313563233
13.0400,1.350028757
13.0600,1.38689004
13.0800,1.422346767
13.1000,1.454335214
13.1200,1.48066095
13.1400,1.499206401
13.1600,1.508190901
13.1800,1.506433965
13.2000,1.493555923
13.2200,1.470056654
13.2400,1.437245603
13.2600,1.39704196
13.2800,1.351701435
13.3000,1.303538925
13.3200,1.254703213
13.3400,1.207032091
13.3600,1.161988828
13.3800,1.120663051
13.4000,1.083812696
13.4200,1.051925521
13.4400,1.02528434
13.4600,1.004026256
13.4800,0.9881911123
13.5000,0.9777575145
13.5200,0.9726664827
13.5400,0.9728333697
13.5600,0.9781486318
13.5800,0.9884676732
13.6000,1.00358963
13.6200,1.023224852
13.6400,1.046951391
13.6600,1.074162387
13.6800,1.104009296
13.7000,1.135350724
13.7200,1.166722664
13.7400,1.196351518
13.7600,1.222232671
13.7800,1.242289806
13.8000,1.254610001
13.8200,1.257719407
13.8400,1.250835369
13.8600,1.23402097
13.8800,1.208189388
13.9000,1.174953303
13.9200,1.136365797
13.9400,1.094628071
13.9600,1.051835006
13.9800,1.009801317
14.0000,0.9699773311
14.0200,0.9334390725
14.0400,0.9009269691
14.0600,0.8729083123
14.0800,0.8496448525
14.1000,0.8312541934
14.1200,0.8177594772
14.1400,0.8091256105
14.1600,0.805282186
14.1800,0.8061338838
14.2000,0.8115590238
14.2200,0.8213965092
14.2400,0.8354210507
14.2600,0.8533066427
14.2800,0.874579238
14.3000,0.8985619774
14.3200,0.9243206077
14.3400,0.9506228791
14.3600,0.9759324363
14.3800,0.9984616938
14.4000,1.016304016
14.4200,1.027647951
14.4400,1.031045253
14.4600,1.025670516
14.4800,1.011493235
14.5000,0.9893004919
14.5200,0.960558306
14.5400,0.9271573176
14.5600,0.8911225498
14.5800,0.8543632376
14.6000,0.8185072094
14.6200,0.784827168
14.6400,0.7542404612
14.6600,0.7273543141
14.6800,0.7045307959
14.7000,0.6859533584
14.7200,0.6716846704
14.7400,0.661711335
14.7600,0.6559745554
14.7800,0.6543873494
14.8000,0.6568392343
14.8200,0.6631889734
14.8400,0.6732455316
14.8600,0.6867372316
14.8800,0.7032697237
14.9000,0.7222753867
14.9200,0.7429607133
14.9400,0.7642642684
14.9600,0.7848449455
14.9800,0.8031251751
15.0000,0.817410734
15.0200,0.8260917279
15.0400,0.8278973866
15.0600,0.8221415715
15.0800,0.8088784488
15.1000,0.78890783
15.1200,0.7636239251
15.1400,0.7347605765
15.1600,0.7041163925
15.1800,0.6733325538
15.2000,0.6437595346
15.2200,0.6164115049
15.2400,0.5919848147
15.2600,0.570911536
15.2800,0.5534242708
15.3000,0.5396170689
15.3200,0.5294949525
15.3400,0.523009576
15.3600,0.5200811391
15.3800,0.520607529
15.4000,0.524461568
15.4200,0.5314767788
15.4400,0.5414217931
15.4600,0.5539639236
15.4800,0.5686240747
15.5000,0.5847287692
15.5200,0.6013708397
15.5400,0.6173974092
15.5600,0.631448937
15.5800,0.6420703279
15.6000,0.6478979421
15.6200,0.6478940286
15.6400,0.6415649187
15.6600,0.6290850287
15.6800,0.6112739755
15.7000,0.5894316817
15.7200,0.5650924509
15.7400,0.5397803121
15.7600,0.5148284592
15.7800,0.491286161
15.8000,0.4699025301
15.8200,0.4511603095
15.8400,0.4353324054
15.8600,0.4225413995
15.8800,0.4128109629
15.9000,0.4061046564
15.9200,0.4023513672
15.9400,0.4014582056
15.9600,0.4033119223
15.9800,0.4077695336
16.0000,0.4146384786
16.0200,0.4236467769
16.0400,0.4344049291
16.0600,0.4463643542
16.0800,0.4587823218
16.1000,0.4707099601
16.1200,0.4810250214
16.1400,0.4885288903
16.1600,0.492111279
16.1800,0.4909553759
16.2000,0.484723297
16.2200,0.4736504112
16.2400,0.4585048622
16.2600,0.4404251171
16.2800,0.4206982434
16.3000,0.4005543453
16.3200,0.3810278491
16.3400,0.3628979577
16.3600,0.3466921246
16.3800,0.3327260059
16.4000,0.3211563427
16.4200,0.3120314882
16.4400,0.3053320842
16.4600,0.3009995876
16.4800,0.2989529274
16.5000,0.2990943772
16.5200,0.3013056012
16.5400,0.3054344366
16.5600,0.3112728818
16.5800,0.318527499
16.6000,0.3267856442
16.6200,0.3354850373
16.6400,0.3438998698
16.6600,0.3511616858
16.6800,0.3563327293
16.7000,0.3585370731
16.7200,0.357128736
16.7400,0.3518461942
16.7600,0.342890982
16.7800,0.3308916894
16.8000,0.3167650362
16.8200,0.301529928
16.8400,0.2861400767
16.8600,0.271376809
16.8800,0.2578091846
16.9000,0.2458047791
16.9200,0.2355674141
16.9400,0.2271822845
16.9600,0.2206566994
16.9800,0.2159513012
17.0000,0.213000676
17.0200,0.2117240652
17.0400,0.2120272783
17.0600,0.2137966666
17.0800,0.216885731
17.1000,0.2210951222
17.1200,0.2261479428
17.1400,0.2316648918
17.1600,0.2371479754
17.1800,0.2419861347
17.2000,0.2454978732
17.2200,0.2470195321
17.2400,0.246029626
17.2600,0.2422744838
17.2800,0.2358449224
17.3000,0.2271657048
17.3200,0.2168983064
17.3400,0.2057976814
17.3600,0.194577527
17.3800,0.1838216599
17.4000,0.1739500498
17.4200,0.1652267106
17.4400,0.1577897804
17.4600,0.1516874385
17.4800,0.1469099401
17.5000,0.1434137162
17.5200,0.141136873
17.5400,0.1400068551
17.5600,0.1399413203
17.5800,0.1408430482
17.6000,0.1425895213
17.6200,0.1450180682
17.6400,0.1479085688
17.6600,0.1509680032
17.6800,0.1538244269
17.7000,0.1560408771
17.7200,0.1571590384
17.7400,0.1567741715
17.7600,0.1546260893
17.7800,0.1506736722
17.8000,0.1451175423
17.8200,0.1383559192
17.8400,0.1308914684
17.8600,0.1232282737
17.8800,0.1157943425
17.9000,0.1089044668
17.9200,0.1027583349
17.9400,0.09745955702
17.9600,0.09304187482
17.9800,0.08949372441
18.0000,0.08677718184
18.0200,0.08484043907
18.0400,0.08362439222
18.0600,0.08306427883
18.0800,0.08308718434
18.1000,0.08360607179
18.1200,0.08451109986
18.1400,0.08565965715
18.1600,0.08686795043
18.1800,0.08790900346
18.2000,0.08852356894
18.2200,0.08844957024
18.2400,0.08746969206
18.2600,0.08546566994
18.2800,0.08245763187
18.3000,0.07860754929
18.3200,0.07418162653
18.3400,0.06948756112
18.3600,0.06481300457
18.3800,0.06038516547
18.4000,0.05635670315
18.4200,0.05281149397
18.4400,0.04978018378
18.4600,0.04725742092
18.4800,0.04521633396
18.5000,0.04361876031
18.5200,0.04242134755
18.5400,0.0415782375
18.5600,0.04104108922
18.5800,0.04075706987
18.6000,0.04066538438
18.6200,0.04069309329
18.6400,0.04075148732
18.6600,0.04073512441
18.6800,0.04052641413
18.7000,0.04000842698
18.7200,0.03908615088
18.7400,0.03771136328
18.7600,0.03590104618
18.7800,0.03373881924
18.8000,0.0313561141
18.8200,0.02890068326
18.8400,0.02650596672
18.8600,0.024271783
18.8800,0.02225886251
18.9000,0.02049346563
18.9200,0.01897649373
18.9400,0.01769281526
18.9600,0.0166186686
18.9800,0.01572661798
19.0000,0.01498835692
19.0200,0.01437590386
19.0400,0.01386171481
19.0600,0.01341814522
19.0800,0.01301664363
19.1000,0.01262709256
19.1200,0.0122178321
19.1400,0.01175702692
19.1600,0.01121597217
19.1800,0.01057437795
19.2000,0.009826459336
19.2200,0.008985232359
19.2400,0.00808203518
19.2600,0.007160094498
19.2800,0.006264274555
19.3000,0.005431376807
19.3200,0.004684614407
19.3400,0.004033089235
19.3600,0.003474704489
19.3800,0.003000275716
19.4000,0.002597238204
19.4200,0.002252290344
19.4400,0.001952970352
19.4600,0.001688441765
19.4800,0.001449802124
19.5000,0.001230166082
19.5200,0.001024693195
19.5400,0.0008306585023
19.5600,0.0006475975992
19.5800,0.0004774820657
19.6000,0.000324783341
19.6200,0.0001961767081
19.6400,9.959386922e-05
19.6600,4.248278217e-05
19.6800,2.956581474e-05
19.7000,6.093825101e-05
19.7200,0.0001315362234
19.7400,0.0002324352944
19.7600,0.0003534181499
19.7800,0.0004856190607
19.8000,0.0006232802597
19.8200,0.0007643731537
19.8400,0.0009104061392
19.8600,0.001065897462
19.8800,0.001237867109
19.9000,0.001435507506
19.9200,0.001670042148
19.9400,0.0019546868
19.9600,0.002304555462
19.9800,0.002736275936
20.0000,0.003266979914
20.0200,0.003912238772
20.0400,0.004682522904
20.0600,0.005578065332
20.0800,0.006582859618
20.1000,0.007659956583
20.1200,0.008751567448
20.1400,0.009787110787
20.1600,0.01069886682
20.1800,0.01143965272
20.2000,0.01199438488
20.2200,0.01238069058
20.2400,0.01264028585
20.2600,0.01282700291
20.2800,0.01299681121
20.3000,0.01320211436
20.3200,0.01348997491
20.3400,0.0139028173
20.3600,0.01448016662
20.3800,0.01526035417
20.4000,0.01628141373
20.4200,0.01758046383
20.4400,0.01919075546
20.4600,0.02113541786
20.4800,0.02341708332
20.5000,0.02600356914
20.5200,0.02881231311
20.5400,0.03170033067
20.5600,0.03447005594
20.5800,0.03689969363
20.6000,0.03879537322
20.6200,0.04004566989
20.6400,0.04065163854
20.6600,0.0407181584
20.6800,0.0404157266
20.7000,0.03993539123
20.7200,0.03945536428
20.7400,0.03912528428
20.7600,0.03906458374
20.7800,0.03936842761
20.8000,0.04011579309
20.8200,0.04137633929
20.8400,0.04321416778
20.8600,0.04568711122
20.8800,0.04884008067
20.9000,0.05269079467
20.9200,0.05720676665
20.9400,0.06227503894
20.9600,0.06767216624
20.9800,0.07305088971
21.0000,0.0779661956
21.0200,0.08195558058
21.0400,0.08465893404
21.0600,0.08592735355
21.0800,0.08586322381
21.1000,0.0847729626
21.1200,0.08306671816
21.1400,0.0811595498
21.1600,0.07940922817
21.1800,0.07809517535
21.2000,0.07742517356
21.2200,0.07755395164
21.2400,0.07860253212
21.2600,0.08067238995
21.2800,0.08385144922
21.3000,0.08820979243
21.3200,0.09378268177
21.3400,0.1005385363
21.3600,0.1083319183
21.3800,0.1168490258
21.4000,0.1255671498
21.4200,0.1337652641
21.4400,0.1406237801
21.4600,0.1454160086
21.4800,0.1477259194
21.5000,0.1475806855
21.5200,0.1454234258
21.5400,0.14195251
21.5600,0.1379257869
21.5800,0.1340171052
21.6000,0.1307539867
21.6200,0.1285185159
21.6400,0.1275795193
21.6600,0.128130921
21.6800,0.1303223773
21.7000,0.1342758928
21.7200,0.1400850976
21.7400,0.1477939667
21.7600,0.1573515414
21.7800,0.1685420059
21.8000,0.1808997042
21.8200,0.1936396429
21.8400,0.2056604172
21.8600,0.2156840539
21.8800,0.2225486641
21.9000,0.2255610789
21.9200,0.224728802
21.9400,0.2207349186
21.9600,0.2146844154
21.9800,0.2077819049
22.0000,0.2010919393
22.0200,0.1954350571
22.0400,0.1913904158
22.0600,0.1893505009
22.0800,0.1895851936
22.1000,0.1922921194
22.1200,0.1976234352
22.1400,0.2056843861
22.1600,0.2164992857
22.1800,0.2299405418
22.2000,0.2456216281
22.2200,0.2627724983
22.2400,0.2801500713
22.2600,0.296075187
22.2800,0.3086877797
22.3000,0.3164176582
22.3200,0.3184937147
22.3400,0.3152099356
22.3600,0.3077870789
22.3800,0.2979364796
22.4000,0.2873901153
22.4200,0.2775964955
22.4400,0.2696212475
22.4600,0.2641862604
22.4800,0.2617641501
22.5000,0.2626716107
22.5200,0.2671345085
22.5400,0.2753141069
22.5600,0.2872888194
22.5800,0.3029856292
22.6000,0.3220575085
22.6200,0.343717468
22.6400,0.3665762729
22.6600,0.388587764
22.6800,0.4072452436
22.7000,0.4201122043
22.7200,0.4255596219
22.7400,0.423344594
22.7600,0.4146736786
22.7800,0.401726285
22.8000,0.3869599529
22.8200,0.3725609557
22.8400,0.3601938321
22.8600,0.3509978883
22.8800,0.3457061989
22.9000,0.344786674
22.9200,0.348551755
22.9400,0.3572155322
22.9600,0.3708897997
22.9800,0.3895119696
23.0000,0.4126989163
23.0200,0.4395350388
23.0400,0.4683450857
23.0600,0.4965768385
23.0800,0.5209865284
23.1000,0.5382741977
23.1200,0.5460594406
23.1400,0.5437373344
23.1600,0.5326845319
23.1800,0.5156937621
23.2000,0.4960344075
23.2200,0.4766636838
23.2400,0.4598437605
23.2600,0.4471147987
23.2800,0.439451641
23.3000,0.4374582632
23.3200,0.4415211013
23.3400,0.4518902352
23.3600,0.4686769919
23.3800,0.4917593072
23.4000,0.5205882152
23.4200,0.5539090884
23.4400,0.5894703254
23.4600,0.6238940165
23.4800,0.6529683462
23.5000,0.6725386081
23.5200,0.6798023661
23.5400,0.6743556107
23.5600,0.6583166505
23.5800,0.6354656754
23.6000,0.6099986354
23.6200,0.5855684043
23.6400,0.564879314
23.6600,0.5497182718
23.6800,0.5411857925
23.7000,0.5399474463
23.7200,0.5464164385
23.7400,0.5608348288
23.7600,0.5832409773
23.7800,0.6133128223
23.8000,0.6500839989
23.8200,0.6915698258
23.8400,0.7344378825
23.8600,0.7739983238
23.8800,0.8048493776
23.9000,0.8222718906
23.9200,0.8238750401
23.9400,0.8105316274
23.9600,0.7859687724
23.9800,0.7553388323
24.0000,0.7237006155
24.0200,0.6950996997
24.0400,0.6723400173
24.0600,0.6571809161
24.0800,0.6506680805
24.1000,0.6534214983
24.1200,0.6658066891
24.1400,0.6879649956
24.1600,0.7196902685
24.1800,0.7601425118
24.2000,0.8074182481
24.2200,0.8580896895
24.2400,0.9069914621
24.2600,0.9476799999
24.2800,0.9738587286
24.3000,0.9814394444
24.3200,0.9701472974
24.3400,0.9435865448
24.3600,0.9077531228
24.3800,0.869044168
24.4000,0.8328342253
24.4200,0.8029606611
24.4400,0.7818630712
24.4600,0.770982367
24.4800,0.7711488703
24.5000,0.7828367007
24.5200,0.8062438023
24.5400,0.8411813284
24.5600,0.8867602341
24.5800,0.9408909118
24.6000,0.9997121053
24.6200,1.057262989
24.6400,1.105914031
24.6600,1.137973634
24.6800,1.148177115
24.7000,1.135774725
24.7200,1.104801839
24.7400,1.062366953
24.7600,1.016201104
24.7800,0.9728469773
24.8000,0.9369767456
24.8200,0.9115432594
24.8400,0.898268245
24.8600,0.8981213838
24.8800,0.9116331841
24.9000,0.9389903537
24.9200,0.9798942485
24.9400,1.033169735
24.9600,1.096150928
24.9800,1.164003468
25.0000,1.22939494
25.0200,1.283157302
25.0400,1.316393359
25.0600,1.323517683
25.0800,1.304548632
25.1000,1.265039793
25.1200,1.213746621
25.1400,1.159701346
25.1600,1.110258287
25.1800,1.070501423
25.2000,1.043553
25.2200,1.031187935
25.2400,1.034379026
25.2600,1.05361668
25.2800,1.088955073
25.3000,1.139764388
25.3200,1.204182208
25.3400,1.278331817
25.3600,1.355583849
25.3800,1.426469165
25.4000,1.480029308
25.4200,1.506855963
25.4400,1.502655901
25.4600,1.470086184
25.4800,1.417510478
25.5000,1.355674349
25.5200,1.294525199
25.5400,1.241560156
25.5600,1.201656105
25.5800,1.177666997
25.6000,1.171157284
25.6200,1.182943684
25.6400,1.2133294
25.6600,1.261995705
25.6800,1.327532996
25.7000,1.406636301
25.7200,1.493155786
25.7400,1.577537421
25.7600,1.647555281
25.7800,1.691063211
25.8000,1.700196777
25.8200,1.674698098
25.8400,1.621965824
25.8600,1.553843092
25.8800,1.48252142
25.9000,1.417827088
25.9200,1.366443778
25.9400,1.332386242
25.9600,1.317868434
25.9800,1.324043291
26.0000,1.351405158
26.0200,1.399793421
26.0400,1.467972936
26.0600,1.552799673
26.0800,1.648126538
26.1000,1.74395969
26.1200,1.826845313
26.1400,1.882497857
26.1600,1.900469246
26.1800,1.878510993
26.2000,1.823545502
26.2200,1.748528852
26.2400,1.667636475
26.2600,1.592698827
26.2800,1.53193463
26.3000,1.490334177
26.3200,1.470648833
26.3400,1.474294837
26.3600,1.50187923
26.3800,1.553260652
26.4000,1.627115152
26.4200,1.720013642
26.4400,1.825176003
26.4600,1.931467517
26.4800,2.023756474
26.5000,2.085832647
26.5200,2.105730013
26.5400,2.080782984
26.5600,2.01880561
26.5800,1.934502636
26.6000,1.843929648
26.6200,1.760415422
26.6400,1.693148514
26.6600,1.647652307
26.6800,1.626931187
26.7000,1.632494778
26.7200,1.664931912
26.7400,1.723938363
26.7600,1.80776709
26.7800,1.912122343
26.8000,2.028732049
26.8200,2.144336217
26.8400,2.241454875
26.8600,2.302212678
26.8800,2.314626883
26.9000,2.277871855
26.9200,2.202597018
26.9400,2.106102608
26.9600,2.006093727
26.9800,1.916617917
27.0000,1.847010893
27.0200,1.80271019
27.0400,1.78658745
27.0600,1.800014428
27.0800,1.843367043
27.1000,1.915885486
27.1200,2.014866448
27.1400,2.134260614
27.1600,2.263088112
27.1800,2.384757935
27.2000,2.478977352
27.2200,2.527255978
27.2400,2.520179782
27.2600,2.461757333
27.2800,2.367418831
27.3000,2.257379421
27.3200,2.150169226
27.3400,2.05939065
27.3600,1.993547214
27.3800,1.957348584
27.4000,1.953163004
27.4200,1.981976527
27.4400,2.043653108
27.4600,2.136439973
27.4800,2.255726273
27.5000,2.39228055
27.5200,2.530773385
27.5400,2.650233868
27.5600,2.728249746
27.5800,2.748675845
27.6000,2.708787561
27.6200,2.620534491
27.6400,2.504916919
27.6600,2.383992752
27.6800,2.275432072
27.7000,2.190978554
27.7200,2.137417845
27.7400,2.118266419
27.7600,2.135124736
27.7800,2.188296486
27.8000,2.276566202
27.8200,2.396114487
27.8400,2.53870577
27.8600,2.689782407
27.8800,2.828011409
27.9000,2.928459037
27.9200,2.970209531
27.9400,2.945216597
27.9600,2.862159826
27.9800,2.742160475
28.0000,2.609970708
28.0200,2.486732814
28.0400,2.387116563
28.0600,2.319850068
28.0800,2.289541051
28.1000,2.298343274
28.1200,2.346861758
28.1400,2.434123438
28.1600,2.556574579
28.1800,2.706205732
28.2000,2.868375556
28.2200,3.020868503
28.2400,3.136597009
28.2600,3.191343361
28.2800,3.173765827
28.3000,3.09086994
28.3200,2.964461141
28.3400,2.821651365
28.3600,2.686326451
28.3800,2.575373754
28.4000,2.498951831
28.4200,2.462446804
28.4400,2.468374995
28.4600,2.517468686
28.4800,2.608720945
28.5000,2.738341324
28.5200,2.897728977
28.5400,3.07107989
28.5600,3.234309139
28.5800,3.357962199
28.6000,3.415697838
28.6200,3.395291076
28.6400,3.304603063
28.6600,3.167570693
28.6800,3.013713297
28.7000,2.86883264
28.7200,2.751014356
28.7400,2.671032736
28.7600,2.634529999
28.7800,2.644074255
28.8000,2.700282716
28.8200,2.801776712
28.8400,2.943926393
28.8600,3.116544986
28.8800,3.301330035
28.9000,3.471087231
28.9200,3.593725368
28.9400,3.642284761
28.9600,3.606720429
28.9800,3.498899513
29.0000,3.346596752
29.0200,3.181668594
29.0400,3.030719505
29.0600,2.911750224
29.0800,2.835164119
29.1000,2.806242878
29.1200,2.827233387
29.1400,2.898313728
29.1600,3.017243208
29.1800,3.177687158
29.2000,3.366517173
29.2200,3.561275833
29.2400,3.730446174
29.2600,3.839707092
29.2800,3.864181295
29.3000,3.800060514
29.3200,3.666493386
29.3400,3.496162226
29.3600,3.322414543
29.3800,3.17106047
29.4000,3.05857421
29.4200,2.994019332
29.4400,2.981751699
29.4600,3.023315961
29.4800,3.117994401
29.5000,3.261883752
29.5200,3.44558067
29.5400,3.651104157
29.5600,3.849972273
29.5800,4.005851142
29.6000,4.084443547
29.6200,4.0677217
29.6400,3.962929201
29.6600,3.798753756
29.6800,3.612127837
29.7000,3.435819718
29.7200,3.292847036
29.7400,3.196826193
29.7600,3.154758353
29.7800,3.169666635
29.8000,3.241973262
29.8200,3.369303217
29.8400,3.544685902
29.8600,3.753481845
29.8800,3.970373997
29.9000,4.159486295
29.9200,4.281445811
29.9400,4.307581823
29.9600,4.23355363
29.9800,4.081558271
30.0000,3.889233924
30.0200,3.694655192
30.0400,3.526967871
30.0600,3.404527579
30.0800,3.33726028
30.1000,3.329785795
30.1200,3.383498904
30.1400,3.497010791
30.1600,3.66482998
30.1800,3.874458816
30.2000,4.102887386
30.2200,4.315159487
30.2400,4.469210208
30.2600,4.529134639
30.2800,4.48134062
30.3000,4.341589161
30.3200,4.146761774
30.3400,3.938669206
30.3600,3.75160029
30.3800,3.60821572
30.4000,3.521224846
30.4200,3.49677672
30.4400,3.537089054
30.4600,3.64139345
30.4800,3.804977407
30.5000,4.016423714
30.5200,4.25384905
30.5400,4.482588664
30.5600,4.658681531
30.5800,4.741428637
30.6000,4.710973459
30.6200,4.578549067
30.6400,4.380469495
30.6600,4.161343968
30.6800,3.95942241
30.7000,3.800741951
30.7200,3.700215799
30.7400,3.665191346
30.7600,3.698467908
30.7800,3.799573855
30.8000,3.963997066
30.8200,4.180438718
30.8400,4.426849011
30.8600,4.667678721
30.8800,4.856902152
30.9000,4.950649591
30.9200,4.925907479
30.9400,4.792413716
30.9600,4.587386908
30.9800,4.357956458
31.0000,4.145127821
31.0200,3.977040164
31.0400,3.869874879
31.0600,3.831605782
31.0800,3.865252408
31.1000,3.970280724
31.1200,4.141802572
31.1400,4.367655823
31.1600,4.624209427
31.1800,4.873560035
31.2000,5.067035055
31.2200,5.158961786
31.2400,5.126509518
31.2600,4.981632072
31.2800,4.764586568
31.3000,4.525014277
31.3200,4.305370271
31.3400,4.13437535
31.3600,4.028320609
31.3800,3.995086059
31.4000,4.037457703
31.4200,4.154401298
31.4400,4.339967233
31.4600,4.579978572
31.4800,4.8475939
31.5000,5.100938888
31.5200,5.288229895
31.5400,5.363848245
31.5600,5.309124692
31.5800,5.142299386
31.6000,4.908706138
31.6200,4.660151164
31.6400,4.438929731
31.6600,4.272660469
31.6800,4.176528582
31.7000,4.15757874
31.7200,4.217861908
31.7400,4.355280118
31.7600,4.561895232
31.7800,4.820019513
31.8000,5.097673642
31.8200,5.347485707
31.8400,5.514916305
31.8600,5.557609097
31.8800,5.465990823
31.9000,5.268465293
31.9200,5.016470784
31.9400,4.76269056
31.9600,4.547227396
31.9800,4.394901326
32.0000,4.318710216
32.0200,4.324217871
32.0400,4.41220049
32.0600,4.578705587
32.0800,4.8124481
32.1000,5.090207839
32.1200,5.37269967
32.1400,5.606200345
32.1600,5.735643791
32.1800,5.727285813
32.2000,5.586259717
32.2200,5.353699794
32.2400,5.086201417
32.2600,4.834797514
32.2800,4.635105254
32.3000,4.507703308
32.3200,4.462635506
32.3400,4.503481465
32.3600,4.62907509
32.3800,4.832380819
32.4000,5.096717964
32.4200,5.39070153
32.4400,5.665810422
32.4600,5.863035612
32.4800,5.932238011
32.5000,5.855871381
32.5200,5.658583214
32.5400,5.393860573
32.5600,5.119973289
32.5800,4.882862934
32.6000,4.711610728
32.6200,4.621676697
32.6400,4.619778601
32.6600,4.707044951
32.6800,4.879313995
32.7000,5.12444795
32.7200,5.417388771
32.7400,5.715675273
32.7600,5.961252568
32.7800,6.094867098
32.8000,6.080841153
32.8200,5.925897613
32.8400,5.675380112
32.8600,5.390507407
32.8800,5.125739505
32.9000,4.918601965
32.9200,4.790473056
32.9400,4.751547337
32.9600,4.805094228
32.9800,4.949016699
33.0000,5.174241244
33.0200,5.460293115
33.0400,5.769959417
33.0600,6.047970576
33.0800,6.230872631
33.1000,6.270213532
33.1200,6.156779352
33.1400,5.925732905
33.1600,5.637861182
33.1800,5.353795212
33.2000,5.118586609
33.2200,4.959419379
33.2400,4.890043052
33.2600,4.915769512
33.2800,5.036067881
33.3000,5.243889812
33.3200,5.52183472
33.3400,5.83655265
33.3600,6.135567918
33.3800,6.353787579
33.4000,6.434429899
33.4200,6.355918775
33.4400,6.143851783
33.4600,5.856891131
33.4800,5.559738425
33.5000,5.303543364
33.5200,5.120592359
33.5400,5.027887742
33.5600,5.032565896
33.5800,5.135276373
33.6000,5.330235902
33.6200,5.601884259
33.6400,5.91925359
33.6600,6.231753771
33.6800,6.473530677
33.7000,6.58257972
33.7200,6.528858675
33.7400,6.330788218
33.7600,6.044926029
33.7800,5.738632551
33.8000,5.467567028
33.8200,5.267964817
33.8400,5.159399778
33.8600,5.150422001
33.8800,5.2424683
33.9000,5.430398049
33.9200,5.699449684
33.9400,6.019599583
33.9600,6.340819056
33.9800,6.596365624
34.0000,6.721039637
34.0200,6.680044404
34.0400,6.487995705
34.0600,6.20066278
34.0800,5.887368942
34.1000,5.606725843
34.1200,5.397473947
34.1400,5.280777264
34.1600,5.266003016
34.1800,5.354921834
34.2000,5.542450416
34.2200,5.813666963
34.2400,6.138082285
34.2600,6.464722186
34.2800,6.725342357
34.3000,6.853001346
34.3200,6.811701963
34.3400,6.616113803
34.3600,6.323258557
34.3800,6.004162525
34.4000,5.718870401
34.4200,5.507017275
34.4400,5.390191781
34.4600,5.377855275
34.4800,5.471591691
34.5000,5.665758309
34.5200,5.944290076
34.5400,6.274778581
34.5600,6.60371962
34.5800,6.860669869
34.6000,6.978390109
34.6200,6.923362801
34.6400,6.714367427
34.6600,6.411846456
34.6800,6.088269441
34.7000,5.803521751
34.7200,5.596445458
34.7400,5.487832725
34.7600,5.486472562
34.7800,5.593187226
34.8000,5.801069471
34.8200,6.091799509
34.8400,6.429471976
34.8600,6.756479633
34.8800,6.999793284
34.9000,7.093893542
34.9200,7.01186479
34.9400,6.78057099
34.9600,6.465556338
34.9800,6.14001933
35.0000,5.86190481
35.0200,5.667589136
35.0400,5.575921251
35.0600,5.59428692
35.0800,5.72212031
35.1000,5.950387243
35.1200,6.257165977
35.1400,6.601303084
35.1600,6.919702175
35.1800,7.137168449
35.2000,7.193068493
35.2200,7.071788609
35.2400,6.811700728
35.2600,6.484012298
35.2800,6.161142127
35.3000,5.897114209
35.3200,5.724311587
35.3400,5.65868624
35.3600,5.705571965
35.3800,5.862301512
35.4000,6.116592805
35.4200,6.44123549
35.4400,6.787947536
35.4600,7.087324291
35.4800,7.26390565
35.5000,7.266709221
35.5200,7.096409105
35.5400,6.804981545
35.5600,6.468184782
35.5800,6.155272395
35.6000,5.914331943
35.6200,5.772539283
35.6400,5.742269044
35.6600,5.826219577
35.6800,6.01872204
35.7000,6.302726312
35.7200,6.64364923
35.7400,6.984325159
35.7600,7.249505823
35.7800,7.36764755
35.8000,7.303807007
35.8200,7.079256718
35.8400,6.759355907
35.8600,6.421382564
35.8800,6.128449266
35.9000,5.920980418
35.9200,5.820201455
35.9400,5.834501892
35.9600,5.963315069
35.9800,6.196704031
36.0000,6.510778125
36.0200,6.861202263
36.0400,7.180957192
36.0600,7.391822549
36.0800,7.433241739
36.1000,7.293429537
36.1200,7.01622977
36.1400,6.677051947
36.1600,6.350097376
36.1800,6.089416505
36.2000,5.926699758
36.2200,5.877006733
36.2400,5.944478488
36.2600,6.124380188
36.2800,6.400628706
36.3000,6.739805616
36.3200,7.085649679
36.3400,7.362390608
36.3600,7.495430306
36.3800,7.444825997
36.4000,7.227578836
36.4200,6.907884828
36.4400,6.564821049
36.4600,6.264414572
36.4800,6.049577808
36.5000,5.943074404
36.5200,5.953980881
36.5400,6.081783913
36.5600,6.316064569
36.5800,6.631879527
36.6000,6.983262021
36.6200,7.301320053
36.6400,7.506637782
36.6600,7.539206221
36.6800,7.38960203
36.7000,7.104515395
36.7200,6.761213786
36.7400,6.43440436
36.7600,6.177815608
36.7800,6.022559214
36.8000,5.983066033
36.8200,6.062649117
36.8400,6.255148439
36.8600,6.541952922
36.8800,6.885755525
36.9000,7.225789413
36.9200,7.483627446
36.9400,7.587129584
36.9600,7.504557411
36.9800,7.262654212
37.0000,6.93140889
37.0200,6.590166707
37.0400,6.302001523
37.0600,6.106390606
37.0800,6.02341263
37.1000,6.060081861
37.1200,6.213627746
37.1400,6.470130877
37.1600,6.799106552
37.1800,7.147457413
37.2000,7.440647317
37.2200,7.600537127
37.2400,7.578546987
37.2600,7.382242935
37.2800,7.071009718
37.3000,6.725028309
37.3200,6.414579988
37.3400,6.186879143
37.3600,6.067635663
37.3800,6.067474553
37.4000,6.186461038
37.4200,6.414174971
37.4400,6.725309305
37.4600,7.073262043
37.4800,7.388336415
37.5000,7.590412122
37.5200,7.619293098
37.5400,7.466105306
37.5600,7.178534779
37.5800,6.83474041
37.6000,6.509905306
37.6200,6.257851718
37.6400,6.109534214
37.6600,6.078986536
37.6800,6.168696295
37.7000,6.370871584
37.7200,6.664028971
37.7400,7.00669991
37.7600,7.333848458
37.7800,7.565623425
37.8000,7.634440334
37.8200,7.518535481
37.8400,7.254584726
37.8600,6.917102675
37.8800,6.584118862
37.9000,6.314653784
37.9200,6.144185549
37.9400,6.089776949
37.9600,6.155948436
37.9800,6.336864769
38.0000,6.613775533
38.0200,6.949032082
38.0400,7.281514328
38.0600,7.532641528
38.0800,7.63053234
38.1000,7.544132728
38.1200,7.300962687
38.1400,6.971448491
38.1600,6.634898641
38.1800,6.354050588
38.2000,6.167938393
38.2200,6.096091933
38.2400,6.144636539
38.2600,6.309129905
38.2800,6.572662536
38.3000,6.900217167
38.3200,7.233606657
38.3400,7.495737145
38.3600,7.612558338
38.3800,7.547006569
38.4000,7.319920796
38.4200,6.998115509
38.4400,6.661148914
38.4600,6.374064924
38.4800,6.178340563
38.5000,6.09526325
38.5200,6.132076858
38.5400,6.285217662
38.5600,6.538858372
38.5800,6.859551786
38.6000,7.190995431
38.6200,7.457361175
38.6400,7.583874097
38.6600,7.530336686
38.6800,7.313618925
38.7000,6.997996385
38.7200,6.662696314
38.7400,6.373790906
38.7600,6.174029177
38.7800,6.085652797
38.8000,6.116487872
38.8200,6.263352819
38.8400,6.510824341
38.8600,6.826064686
38.8800,7.153625363
38.9000,7.418528027
38.9200,7.546318807
38.9400,7.496206331
38.9600,7.283809394
38.9800,6.972221818
39.0000,6.640041028
39.0200,6.353217128
39.0400,6.154606177
39.0600,6.066565265
39.0800,6.096940365
39.1000,6.242440057
39.1200,6.487407622
39.1400,6.798722169
39.1600,7.120815686
39.1800,7.379121556
39.2000,7.500406901
39.2200,7.445620375
39.2400,7.231720191
39.2600,6.921989193
39.2800,6.59418782
39.3000,6.313080402
39.3200,6.120514763
39.3400,6.038143244
39.3600,6.073271939
39.3800,6.222007721
39.4000,6.467834061
39.4200,6.776493887
39.4400,7.091409907
39.4600,7.338103795
39.4800,7.445532668
39.5000,7.378640585
39.5200,7.158094973
39.5400,6.848523238
39.5600,6.52655893
39.5800,6.254757035
39.6000,6.072924226
39.6200,6.001252645
39.6400,6.045976882
39.6600,6.202107164
39.6800,6.451628489
39.7000,6.758315559
39.7200,7.063809981
39.7400,7.293640567
39.7600,7.380170429
39.7800,7.294598862
39.8000,7.063348887
39.8200,6.753139672
39.8400,6.438973655
39.8600,6.180186234
39.8800,6.013623037
39.9000,5.957361105
39.9200,6.016076052
39.9400,6.183176673
39.9600,6.438478778
39.9800,6.742975069
40.0000,7.035930114
40.0200,7.243176458
40.0400,7.302082101
40.0600,7.192370938
40.0800,6.947803873
40.1000,6.637375141
40.1200,6.333668754
40.1400,6.091811751
40.1600,5.944914663
40.1800,5.908408166
40.2000,5.984968319
40.2200,6.165873306
40.2400,6.42805281
40.2600,6.728943076
40.2800,7.005106918
40.3000,7.183502628
40.3200,7.208559049
40.3400,7.070703125
40.3600,6.811968826
40.3800,6.503143299
40.4000,6.213329355
40.4200,5.99252438
40.4400,5.869507926
40.4600,5.856663605
40.4800,5.954260916
40.5000,6.1508724
40.5200,6.419774584
40.5400,6.714169672
40.5600,6.968008099
40.5800,7.110867789
40.6000,7.096727165
40.6200,6.92858173
40.6400,6.656827029
40.6600,6.352876572
40.6800,6.081101285
40.7000,5.885588925
40.7200,5.790393724
40.7400,5.80456908
40.7600,5.925574944
40.7800,6.138632783
40.8000,6.412567104
40.8200,6.695875627
40.8400,6.920591172
40.8600,7.021183893
40.8800,6.963932515
40.9000,6.765620679
40.9200,6.484088098
40.9400,6.189616612
40.9600,5.94056177
40.9800,5.774543718
41.0000,5.710701646
41.0200,5.754557689
41.0400,5.900320483
41.0600,6.129126667
41.0800,6.40457692
41.1000,6.670380737
41.1200,6.858173683
41.1400,6.910368532
41.1600,6.808199152
41.1800,6.582422995
41.2000,6.296359283
41.2200,6.017025177
41.2400,5.795635306
41.2600,5.66306689
41.2800,5.633532027
41.3000,5.708845536
41.3200,5.87943582
41.3400,6.121538399
41.3600,6.392910089
41.3800,6.633031154
41.4000,6.775679524
41.4200,6.774838941
41.4400,6.628713772
41.4600,6.380854944
41.4800,6.097197104
41.5000,5.83930133
41.5200,5.650452846
41.5400,5.554809256
41.5600,5.561760099
41.5800,5.669188845
41.6000,5.863087899
41.6200,6.113948611
41.6400,6.373433159
41.6600,6.578306236
41.6800,6.668110291
41.7000,6.61212437
41.7200,6.426253973
41.7400,6.164168623
41.7600,5.891017534
41.7800,5.661008419
41.8000,5.509162527
41.8200,5.453196913
41.8400,5.497808401
41.8600,5.6366005
41.8800,5.850339315
41.9000,6.103043135
41.9200,6.340723113
41.9400,6.500190268
41.9600,6.531243885
41.9800,6.421501064
42.0000,6.203454691
42.0200,5.936927051
42.0400,5.682869264
42.0600,5.486830558
42.0800,5.375705918
42.1000,5.361206217
42.1200,5.443382027
42.1400,5.611023727
42.1600,5.838805427
42.1800,6.083921125
42.2000,6.288276767
42.2200,6.392865085
42.2400,6.362481187
42.2600,6.204499065
42.2800,5.964818707
42.3000,5.704724716
42.3200,5.478102099
42.3400,5.321288356
42.3600,5.253573359
42.3800,5.281110196
42.4000,5.399160847
42.4200,5.590972703
42.4400,5.824358339
42.4600,6.05011921
42.4800,6.209090137
42.5000,6.251697786
42.5200,6.161664346
42.5400,5.965115134
42.5600,5.716428399
42.5800,5.473744072
42.6000,5.281981444
42.6200,5.168443584
42.6400,5.145545514
42.6600,5.214190614
42.6800,5.364448362
42.7000,5.573176771
42.7200,5.800983576
42.7400,5.993999378
42.7600,6.09665962
42.7800,6.074365469
42.8000,5.931622842
42.8200,5.709616835
42.8400,5.465393519
42.8600,5.250226028
42.8800,5.099302538
42.9000,5.031612461
42.9200,5.053418484
42.9400,5.160408819
42.9600,5.336795434
42.9800,5.552312411
43.0000,5.760949347
43.0200,5.907629894
43.0400,5.946316587
43.0600,5.861821765
43.0800,5.678222179
43.1000,5.44593411
43.1200,5.219142234
43.1400,5.039944195
43.1600,4.934043667
43.1800,4.913090762
43.2000,4.977701707
43.2200,5.118038338
43.2400,5.311657522
43.2600,5.520972728
43.2800,5.695473184
43.3000,5.784174148
43.3200,5.7566079
43.3400,5.618753841
43.3600,5.409819079
43.3800,5.182762349
43.4000,4.984697149
43.4200,4.847754207
43.4400,4.789071715
43.4600,4.81387784
43.4800,4.917279185
43.5000,5.083292971
43.5200,5.282210673
43.5400,5.470083811
43.5600,5.596007244
43.5800,5.619576342
43.6000,5.530273161
43.6200,5.353281357
43.6400,5.136223713
43.6600,4.928583655
43.6800,4.768060454
43.7000,4.677249924
43.7200,4.665886284
43.7400,4.73337908
43.7600,4.869045211
43.7800,5.050044662
43.8000,5.239531932
43.8200,5.389972198
43.8400,5.456056168
43.8600,5.414068078
43.8800,5.274383382
43.9000,5.075902312
43.9200,4.867435876
43.9400,4.690811699
43.9600,4.573774476
43.9800,4.530514554
44.0000,4.564370953
44.0200,4.669077517
44.0400,4.827576932
44.0600,5.009813547
44.0800,5.173395791
44.1000,5.272135699
44.1200,5.273112057
44.1400,5.172892679
44.1600,4.999464772
44.1800,4.797972691
44.2000,4.612470267
44.2200,4.475188546
44.2400,4.404654343
44.2600,4.407923146
44.2800,4.482522366
44.3000,4.616206404
44.3200,4.78499242
44.3400,4.952294528
44.3600,5.073858477
44.3800,5.111432277
44.4000,5.050008636
44.4200,4.905826924
44.4400,4.717832099
44.4600,4.530156187
44.4800,4.378501421
44.5000,4.285454459
44.5200,4.261636232
44.5400,4.307945451
44.5600,4.41616002
44.5800,4.567534068
44.6000,4.731244993
44.6200,4.866675203
44.6400,4.933507746
44.6600,4.90799534
44.6800,4.795023708
44.7000,4.625554616
44.7200,4.441662146
44.7400,4.281222054
44.7600,4.170402956
44.7800,4.123223432
44.8000,4.143664494
44.8200,4.226922988
44.8400,4.358690827
44.8600,4.513481892
44.8800,4.655151871
44.9000,4.743781273
44.9200,4.749786115
44.9400,4.668011013
44.9600,4.520518273
44.9800,4.345440579
45.0000,4.181366386
45.0200,4.05736504
45.0400,3.990613524
45.0600,3.987956782
45.0800,4.047559813
45.1000,4.158858491
45.1200,4.301111513
45.1400,4.442883008
45.1600,4.546321949
45.1800,4.578617704
45.2000,4.526429768
45.2200,4.402832493
45.2400,4.240564626
45.2600,4.077444895
45.2800,3.944592927
45.3000,3.862003492
45.3200,3.839187024
45.3400,3.876939512
45.3600,3.967870541
45.3800,4.095360179
45.4000,4.232541907
45.4200,4.344634969
45.4400,4.397732754
45.4600,4.372364325
45.4800,4.27320348
45.5000,4.126666418
45.5200,3.968434288
45.5400,3.830717251
45.5600,3.735879052
45.5800,3.695880546
45.6000,3.713886044
45.6200,3.785223276
45.6400,3.896809953
45.6600,4.026005484
45.6800,4.141591559
45.7000,4.210167165
45.7200,4.208121934
45.7400,4.132786436
45.7600,4.003858174
45.7800,3.853736454
45.8000,3.71472595
45.8200,3.611014764
45.8400,3.556760077
45.8600,3.557273046
45.8800,3.610238583
45.9000,3.705599057
45.9200,3.824507195
45.9400,3.939443078
45.9600,4.018620525
45.9800,4.036050928
46.0000,3.983039396
46.0200,3.872643034
46.0400,3.733127916
46.0600,3.595934491
46.0800,3.486461205
46.1000,3.420758797
46.1200,3.406079462
46.1400,3.44217596
46.1600,3.521580416
46.1800,3.62878843
46.2000,3.739885292
46.2200,3.825396364
46.2400,3.858405307
46.2600,3.825590671
46.2800,3.733822861
46.3000,3.606703253
46.3200,3.473950341
46.3400,3.361524077
46.3600,3.28701823
46.3800,3.259418295
46.4000,3.280305756
46.4200,3.344440484
46.4400,3.43923259
46.4600,3.544145992
46.4800,3.632394189
46.5000,3.677255232
46.5200,3.662127688
46.5400,3.588409588
46.5600,3.474816038
46.5800,3.348634066
46.6000,3.23573852
46.6200,3.154876739
46.6400,3.11654744
46.6600,3.123954033
46.6800,3.173784263
46.7000,3.255975582
46.7200,3.35307762
46.7400,3.441135342
46.7600,3.494437406
46.7800,3.494310778
46.8000,3.437545224
46.8200,3.338020623
46.8400,3.220059155
46.8600,3.108840918
46.8800,3.02385247
46.9000,2.976868908
46.9200,2.972527364
46.9400,3.009193392
46.9600,3.078992156
46.9800,3.167243525
47.0000,3.252807613
47.0200,3.31153676
47.0400,3.323711846
47.0600,3.282433791
47.0800,3.197017544
47.1000,3.088472356
47.1200,2.980739889
47.1400,2.893623326
47.1600,2.839920824
47.1800,2.825523833
47.2000,2.850263767
47.2200,2.908160473
47.2400,2.98699285
47.2600,3.068317403
47.2800,3.129890357
47.3000,3.151775363
47.3200,3.124286707
47.3400,3.052604624
47.3600,2.954256035
47.3800,2.851487741
47.4000,2.764005773
47.4200,2.705365192
47.4400,2.68253486
47.4600,2.696628112
47.4800,2.743308433
47.5000,2.812521662
47.5200,2.888341932
47.5400,2.950605396
47.5600,2.979797734
47.5800,2.964281576
47.6000,2.905635025
47.6200,2.817893704
47.6400,2.72125334
47.6600,2.634933661
47.6800,2.572973472
47.7000,2.543241149
47.7200,2.547967836
47.7400,2.584245507
47.7600,2.643920967
47.7800,2.713377078
47.8000,2.774584802
47.8200,2.808920668
47.8400,2.803533258
47.8600,2.756982784
47.8800,2.679939476
47.9000,2.5902971
47.9200,2.506438007
47.9400,2.442611372
47.9600,2.407405089
47.9800,2.404017477
48.0000,2.430783421
48.0200,2.481212951
48.0400,2.543778662
48.0600,2.60255562
48.0800,2.640134366
48.1000,2.643075455
48.1200,2.607515701
48.1400,2.540991862
48.1600,2.458948549
48.1800,2.37862804
48.2000,2.314223784
48.2200,2.274861241
48.2400,2.264564202
48.2600,2.282748582
48.2800,2.324377343
48.3000,2.379796503
48.3200,2.43509701
48.3400,2.47428697
48.3600,2.483850707
48.3800,2.458075032
48.4000,2.401672015
48.4200,2.327586744
48.4400,2.251674311
48.4600,2.187820473
48.4800,2.145506016
48.5000,2.129444162
48.5200,2.139988514
48.5400,2.173369813
48.5600,2.221601471
48.5800,2.272665916
48.6000,2.312097405
48.6200,2.326706769
48.6400,2.309461107
48.6600,2.262606237
48.6800,2.196623601
48.7000,2.125793629
48.7200,2.063462945
48.7400,2.019287325
48.7600,1.998536994
48.7800,2.00237411
48.8000,2.028134166
48.8200,2.069306254
48.8400,2.115619414
48.8600,2.154169542
48.8800,2.172397478
48.9000,2.162423874
48.9200,2.124412391
48.9400,2.066490109
48.9600,2.0012362
48.9800,1.941252709
49.0000,1.896194686
49.0200,1.871759389
49.0400,1.869799061
49.0600,1.888609835
49.0800,1.922980775
49.1000,1.964233391
49.1200,2.001006214
49.1400,2.02158651
49.1600,2.017657327
49.1800,1.987689756
49.2000,1.937625228
49.2200,1.878274831
49.2400,1.821321079
49.2600,1.77625014
49.2800,1.749058379
49.3000,1.742177488
49.3200,1.754735927
49.3400,1.782663201
49.3600,1.818717644
49.3800,1.853022193
49.4000,1.874852785
49.4200,1.875796839
49.4400,1.853011742
49.4600,1.810467238
49.4800,1.757196177
49.5000,1.703820559
49.5200,1.659500176
49.5400,1.630404784
49.5600,1.619440528
49.5800,1.626452807
49.6000,1.648367473
49.6200,1.679227685
49.6400,1.710555609
49.6600,1.732696543
49.6800,1.73741852
49.7000,1.720920909
49.7200,1.68544719
49.7400,1.638293841
49.7600,1.588917808
49.7800,1.546008798
49.8000,1.515787129
49.8200,1.501532439
49.8400,1.503702021
49.8600,1.520088145
49.8800,1.545873705
49.9000,1.573877624
49.9200,1.595545412
49.9400,1.603039856
49.9600,1.591925706
49.9800,1.562984131
50.0000,1.521863176
