# Fig 4(b) JK reference = the author's Quartz_800nm_JKNMRP1S0p01.mx (bare 123.6 um Z-quartz, 800 nm,
# transmitted), h0 = 123.6 (cell 14), 0.01 deg. theta_deg, I_pp (a.u.)
0,0.319720349517
0.01,0.319719277602
0.02,0.319716083424
0.03,0.319710749632
0.04,0.319703276245
0.05,0.319693663374
0.06,0.319681911126
0.07,0.319668019544
0.08,0.319651988839
0.09,0.319633819268
0.1,0.319613510759
0.11,0.319591063718
0.12,0.319566478354
0.13,0.319539754794
0.14,0.319510893654
0.15,0.319479894701
0.16,0.319446758643
0.17,0.319411485917
0.18,0.319374076488
0.19,0.319334530996
0.2,0.319292849606
0.21,0.319249032894
0.22,0.319203081816
0.23,0.319154995944
0.24,0.319104776142
0.25,0.31905242303
0.26,0.318997937562
0.27,0.31894131905
0.28,0.318882569578
0.29,0.318821688417
0.3,0.318758677297
0.31,0.318693535951
0.32,0.318626265542
0.33,0.318556866656
0.34,0.318485340108
0.35,0.318411686631
0.36,0.318335906475
0.37,0.318258001435
0.38,0.318177971534
0.39,0.318095817782
0.4,0.318011540671
0.41,0.317925141917
0.42,0.317836621478
0.43,0.317745980857
0.44,0.317653220888
0.45,0.317558342278
0.46,0.31746134668
0.47,0.317362233641
0.48,0.317261005659
0.49,0.317157663131
0.5,0.31705220714
0.51,0.31694463929
0.52,0.316834959735
0.53,0.316723170471
0.54,0.316609272266
0.55,0.316493265915
0.56,0.316375153772
0.57,0.316254935694
0.58,0.316132613673
0.59,0.316008188609
0.6,0.315881662416
0.61,0.315753035644
0.62,0.315622310121
0.63,0.315489486762
0.64,0.315354567769
0.65,0.315217553562
0.66,0.315078445679
0.67,0.314937246183
0.68,0.314793956081
0.69,0.314648577016
0.7,0.314501110392
0.71,0.314351557757
0.72,0.314199920595
0.73,0.314046200606
0.74,0.313890399007
0.75,0.31373251807
0.76,0.313572558749
0.77,0.313410523329
0.78,0.313246412913
0.79,0.313080229442
0.8,0.312911974892
0.81,0.312741650383
0.82,0.312569258355
0.83,0.312394800361
0.84,0.312218277777
0.85,0.312039692784
0.86,0.311859047451
0.87,0.311676343226
0.88,0.311491582363
0.89,0.311304766563
0.9,0.311115897983
0.91,0.310924978082
0.92,0.310732009377
0.93,0.310536993502
0.94,0.310339932759
0.95,0.310140829234
0.96,0.309939684598
0.97,0.309736501273
0.98,0.309531281224
0.99,0.309324026777
1,0.30911473948
1.01,0.308903422686
1.02,0.308690077414
1.03,0.30847470671
1.04,0.308257312166
1.05,0.308037896593
1.06,0.307816461894
1.07,0.307593010319
1.08,0.307367544607
1.09,0.307140066939
1.1,0.306910579709
1.11,0.306679085057
1.12,0.306445585529
1.13,0.306210084049
1.14,0.305972582312
1.15,0.30573308284
1.16,0.305491588847
1.17,0.305248102564
1.18,0.305002626503
1.19,0.304755162683
1.2,0.304505714339
1.21,0.304254284482
1.22,0.304000874478
1.23,0.303745487528
1.24,0.303488126973
1.25,0.303228794856
1.26,0.302967494275
1.27,0.302704227287
1.28,0.302438997618
1.29,0.30217180716
1.3,0.301902659543
1.31,0.301631556787
1.32,0.301358502293
1.33,0.301083499105
1.34,0.300806549312
1.35,0.300527656295
1.36,0.300246823057
1.37,0.299964052597
1.38,0.299679347788
1.39,0.299392711784
1.4,0.299104147407
1.41,0.298813657418
1.42,0.298521245734
1.43,0.298226914873
1.44,0.29793066796
1.45,0.297632508132
1.46,0.297332438765
1.47,0.297030462766
1.48,0.296726583704
1.49,0.296420804357
1.5,0.296113127769
1.51,0.295803558186
1.52,0.295492098354
1.53,0.295178750964
1.54,0.294863520534
1.55,0.294546409698
1.56,0.294227421617
1.57,0.293906560269
1.58,0.293583828838
1.59,0.293259230639
1.6,0.292932769116
1.61,0.292604448444
1.62,0.292274270581
1.63,0.291942240866
1.64,0.29160836166
1.65,0.291272636814
1.66,0.290935069916
1.67,0.290595664853
1.68,0.290254424728
1.69,0.289911353933
1.7,0.289566455452
1.71,0.289219733199
1.72,0.288871190866
1.73,0.288520832635
1.74,0.28816866147
1.75,0.287814681856
1.76,0.287458897459
1.77,0.287101311584
1.78,0.286741928657
1.79,0.286380752426
1.8,0.28601778695
1.81,0.285653035621
1.82,0.285286502643
1.83,0.284918192059
1.84,0.284548107812
1.85,0.284176254214
1.86,0.283802634354
1.87,0.283427253055
1.88,0.283050114576
1.89,0.282671222466
1.9,0.282290581078
1.91,0.281908194122
1.92,0.28152406638
1.93,0.281138201775
1.94,0.280750604131
1.95,0.280361278329
1.96,0.279970228303
1.97,0.279577458087
1.98,0.27918297219
1.99,0.278786774772
2,0.278388870643
2.01,0.277989263614
2.02,0.277587957864
2.03,0.277184958777
2.04,0.276780269762
2.05,0.276373895439
2.06,0.275965840637
2.07,0.275556109567
2.08,0.275144707051
2.09,0.27473163705
2.1,0.274316904176
2.11,0.273900513414
2.12,0.273482469221
2.13,0.273062776183
2.14,0.272641438702
2.15,0.272218461486
2.16,0.271793849519
2.17,0.271367607009
2.18,0.270939739141
2.19,0.270510250032
2.2,0.27007914544
2.21,0.269646429284
2.22,0.269212106458
2.23,0.26877618196
2.24,0.268338660798
2.25,0.267899547198
2.26,0.267458846816
2.27,0.267016564219
2.28,0.266572704192
2.29,0.266127271959
2.3,0.265680271994
2.31,0.265231710072
2.32,0.26478159048
2.33,0.264329918505
2.34,0.263876699623
2.35,0.263421938096
2.36,0.262965639355
2.37,0.262507809015
2.38,0.262048451535
2.39,0.261587572279
2.4,0.261125176443
2.41,0.260661269522
2.42,0.260195856375
2.43,0.259728942527
2.44,0.259260532751
2.45,0.258790632824
2.46,0.258319247828
2.47,0.257846383136
2.48,0.257372044372
2.49,0.256896236229
2.5,0.256418964785
2.51,0.255940235368
2.52,0.255460052924
2.53,0.254978423264
2.54,0.254495351737
2.55,0.254010844207
2.56,0.253524905982
2.57,0.253037542445
2.58,0.252548758894
2.59,0.252058561818
2.6,0.251566956008
2.61,0.251073947381
2.62,0.250579541676
2.63,0.250083744301
2.64,0.249586561025
2.65,0.249087998132
2.66,0.248588060467
2.67,0.248086754298
2.68,0.247584085271
2.69,0.247080059312
2.7,0.246574682071
2.71,0.246067959455
2.72,0.245559897009
2.73,0.245050501153
2.74,0.244539777385
2.75,0.244027732126
2.76,0.243514370763
2.77,0.242999699482
2.78,0.242483724467
2.79,0.241966451376
2.8,0.241447886217
2.81,0.240928035465
2.82,0.240406904944
2.83,0.239884501158
2.84,0.239360829066
2.85,0.238835895895
2.86,0.238309707316
2.87,0.23778227002
2.88,0.237253589247
2.89,0.236723672016
2.9,0.236192524668
2.91,0.235660152861
2.92,0.235126563357
2.93,0.234591762225
2.94,0.23405575566
2.95,0.233518550587
2.96,0.232980152591
2.97,0.232440568366
2.98,0.231899804738
2.99,0.231357867632
3,0.230814763449
3.01,0.230270499192
3.02,0.229725080959
3.03,0.229178514995
3.04,0.228630808427
3.05,0.228081967463
3.06,0.227531998946
3.07,0.226980908998
3.08,0.226428704761
3.09,0.225875392489
3.1,0.225320979195
3.11,0.224765471159
3.12,0.22420887532
3.13,0.223651198521
3.14,0.223092447252
3.15,0.222532628218
3.16,0.221971748402
3.17,0.221409814755
3.18,0.220846833756
3.19,0.220282812678
3.2,0.219717757777
3.21,0.219151676565
3.22,0.218584575577
3.23,0.218016461991
3.24,0.217447342225
3.25,0.216877223893
3.26,0.216306113735
3.27,0.215734018592
3.28,0.21516094567
3.29,0.214586902206
3.3,0.214011895119
3.31,0.213435931283
3.32,0.21285901783
3.33,0.212281162585
3.34,0.211702372
3.35,0.211122653141
3.36,0.210542013736
3.37,0.209960460927
3.38,0.209378001794
3.39,0.208794643839
3.4,0.208210393425
3.41,0.207625259202
3.42,0.207039247725
3.43,0.206452366292
3.44,0.205864622578
3.45,0.205276023705
3.46,0.204686577646
3.47,0.204096290866
3.48,0.203505171602
3.49,0.202913226859
3.5,0.202320464703
3.51,0.20172689202
3.52,0.201132516766
3.53,0.200537346253
3.54,0.199941387808
3.55,0.199344649795
3.56,0.198747139276
3.57,0.198148863829
3.58,0.197549831465
3.59,0.196950049376
3.6,0.196349525724
3.61,0.195748267978
3.62,0.195146283893
3.63,0.194543581223
3.64,0.193940167905
3.65,0.193336051552
3.66,0.192731240181
3.67,0.192125741484
3.68,0.191519563327
3.69,0.190912713213
3.7,0.190305199972
3.71,0.189697030599
3.72,0.189088213697
3.73,0.188478756907
3.74,0.187868668162
3.75,0.187257955563
3.76,0.186646627023
3.77,0.186034690857
3.78,0.18542215485
3.79,0.184809027153
3.8,0.18419531599
3.81,0.183581029412
3.82,0.182966175488
3.83,0.182350762533
3.84,0.181734798604
3.85,0.181118291971
3.86,0.180501250745
3.87,0.179883683337
3.88,0.179265597968
3.89,0.178647002967
3.9,0.178027906674
3.91,0.17740831683
3.92,0.176788242608
3.93,0.176167692132
3.94,0.175546673499
3.95,0.174925195281
3.96,0.174303266304
3.97,0.173680894257
3.98,0.173058088149
3.99,0.172434856266
4,0.171811207297
4.01,0.171187149642
4.02,0.170562691694
4.03,0.169937842517
4.04,0.16931260985
4.05,0.168687003355
4.06,0.168061030871
4.07,0.167434701333
4.08,0.166808023142
4.09,0.166181005609
4.1,0.165553656972
4.11,0.164925986018
4.12,0.164298001392
4.13,0.163669712251
4.14,0.163041126674
4.15,0.162412254528
4.16,0.161783103799
4.17,0.161153683549
4.18,0.16052400268
4.19,0.159894070353
4.2,0.15926389481
4.21,0.158633485634
4.22,0.158002851736
4.23,0.15737200139
4.24,0.156740944536
4.25,0.156109689449
4.26,0.155478245447
4.27,0.154846621683
4.28,0.154214826902
4.29,0.153582870601
4.3,0.152950761672
4.31,0.15231850929
4.32,0.151686122574
4.33,0.151053610216
4.34,0.150420982488
4.35,0.149788247929
4.36,0.149155415603
4.37,0.148522495276
4.38,0.147889495707
4.39,0.147256426236
4.4,0.146623296628
4.41,0.145990115684
4.42,0.145356893183
4.43,0.144723638287
4.44,0.144090360162
4.45,0.143457068745
4.46,0.142823773182
4.47,0.142190482518
4.48,0.141557206894
4.49,0.140923955559
4.5,0.140290737621
4.51,0.139657563224
4.52,0.139024441565
4.53,0.138391382129
4.54,0.137758394728
4.55,0.137125488808
4.56,0.136492674145
4.57,0.135859960326
4.58,0.135227356921
4.59,0.13459487364
4.6,0.133962520012
4.61,0.133330306046
4.62,0.132698241825
4.63,0.132066336157
4.64,0.131434599552
4.65,0.130803041717
4.66,0.130171672007
4.67,0.129540500622
4.68,0.128909537419
4.69,0.12827879242
4.7,0.127648275259
4.71,0.127017995979
4.72,0.126387964124
4.73,0.125758190463
4.74,0.125128684215
4.75,0.124499455709
4.76,0.12387051482
4.77,0.123241871712
4.78,0.12261353649
4.79,0.121985519013
4.8,0.121357829343
4.81,0.120730477768
4.82,0.120103474262
4.83,0.119476829279
4.84,0.11885055264
4.85,0.118224654696
4.86,0.117599145517
4.87,0.116974035455
4.88,0.116349334947
4.89,0.11572505372
4.9,0.115101202485
4.91,0.114477791209
4.92,0.113854830634
4.93,0.113232330878
4.94,0.112610302125
4.95,0.111988754917
4.96,0.111367699968
4.97,0.110747146966
4.98,0.11012710705
4.99,0.109507590211
5,0.10888860706
5.01,0.10827016814
5.02,0.107652283914
5.03,0.10703496501
5.04,0.106418221754
5.05,0.105802064846
5.06,0.105186505028
5.07,0.104571552511
5.08,0.103957218396
5.09,0.103343513055
5.1,0.102730447011
5.11,0.10211803127
5.12,0.101506276317
5.13,0.100895192793
5.14,0.100284791627
5.15,0.0996750834272
5.16,0.0990660790811
5.17,0.0984577893851
5.18,0.097850225117
5.19,0.0972433972624
5.2,0.0966373160733
5.21,0.0960319931996
5.22,0.0954274392099
5.23,0.0948236646267
5.24,0.0942206811017
5.25,0.0936184987465
5.26,0.0930171293377
5.27,0.0924165833563
5.28,0.0918168716828
5.29,0.0912180059902
5.3,0.0906199966068
5.31,0.0900228551182
5.32,0.0894265923253
5.33,0.0888312191255
5.34,0.0882367470819
5.35,0.0876431870352
5.36,0.0870505501134
5.37,0.0864588478629
5.38,0.0858680908823
5.39,0.0852782905768
5.4,0.0846894583374
5.41,0.0841016052857
5.42,0.083514742727
5.43,0.0829288819258
5.44,0.0823440341788
5.45,0.0817602107367
5.46,0.0811774229703
5.47,0.0805956824148
5.48,0.0800150001577
5.49,0.079435387462
5.5,0.0788568561815
5.51,0.0782794173203
5.52,0.0777030826762
5.53,0.0771278635557
5.54,0.0765537712016
5.55,0.0759808174738
5.56,0.0754090139166
5.57,0.0748383716123
5.58,0.0742689024016
5.59,0.0737006179619
5.6,0.0731335296755
5.61,0.0725676492168
5.62,0.0720029884068
5.63,0.0714395583495
5.64,0.0708773712916
5.65,0.070316438575
5.66,0.0697567719778
5.67,0.0691983832518
5.68,0.068641284023
5.69,0.0680854861018
5.7,0.0675310013457
5.71,0.0669778414494
5.72,0.0664260181514
5.73,0.0658755433759
5.74,0.0653264291931
5.75,0.0647786868371
5.76,0.0642323286478
5.77,0.0636873665199
5.78,0.0631438120673
5.79,0.0626016775115
5.8,0.0620609746484
5.81,0.0615217154881
5.82,0.0609839121532
5.83,0.0604475763875
5.84,0.0599127202564
5.85,0.0593793558884
5.86,0.0588474954034
5.87,0.0583171507107
5.88,0.0577883339848
5.89,0.0572610572085
5.9,0.0567353326644
5.91,0.056211172524
5.92,0.0556885886419
5.93,0.055167593588
5.94,0.054648199379
5.95,0.0541304181244
5.96,0.0536142620513
5.97,0.0530997437143
5.98,0.0525868750575
5.99,0.0520756685429
6,0.0515661364599
6.01,0.0510582907873
6.02,0.0505521443759
6.03,0.0500477092377
6.04,0.0495449979316
6.05,0.0490440227027
6.06,0.0485447959848
6.07,0.0480473303152
6.08,0.0475516378328
6.09,0.0470577313452
6.1,0.0465656230503
6.11,0.0460753256323
6.12,0.0455868515452
6.13,0.0451002133664
6.14,0.0446154233944
6.15,0.044132494506
6.16,0.0436514390521
6.17,0.0431722696332
6.18,0.0426949991461
6.19,0.0422196398768
6.2,0.0417462047195
6.21,0.0412747059866
6.22,0.0408051566741
6.23,0.0403375695096
6.24,0.0398719569426
6.25,0.0394083319279
6.26,0.0389467071734
6.27,0.038487095147
6.28,0.0380295090368
6.29,0.037573961579
6.3,0.0371204653579
6.31,0.0366690333832
6.32,0.0362196785609
6.33,0.0357724136251
6.34,0.0353272514512
6.35,0.0348842049595
6.36,0.03444328705
6.37,0.0340045109076
6.38,0.0335678890739
6.39,0.0331334347647
6.4,0.032701160837
6.41,0.0322710804526
6.42,0.0318432065138
6.43,0.0314175521516
6.44,0.0309941301171
6.45,0.0305729539414
6.46,0.0301540364188
6.47,0.0297373907274
6.48,0.029323029833
6.49,0.0289109669344
6.5,0.028501215378
6.51,0.0280937882778
6.52,0.0276886985267
6.53,0.0272859597021
6.54,0.0268855847042
6.55,0.0264875869477
6.56,0.026091979763
6.57,0.0256987760878
6.58,0.025307989525
6.59,0.0249196333111
6.6,0.0245337205531
6.61,0.0241502648239
6.62,0.0237692792923
6.63,0.0233907775136
6.64,0.0230147726841
6.65,0.0226412782861
6.66,0.0222703077324
6.67,0.0219018744615
6.68,0.0215359918448
6.69,0.0211726734707
6.7,0.0208119326811
6.71,0.0204537829697
6.72,0.0200982380526
6.73,0.0197453112078
6.74,0.0193950159927
6.75,0.0190473661571
6.76,0.0187023751853
6.77,0.0183600565787
6.78,0.0180204239833
6.79,0.0176834910839
6.8,0.017349271498
6.81,0.0170177788399
6.82,0.016689026686
6.83,0.0163630289216
6.84,0.0160397991428
6.85,0.0157193510262
6.86,0.015401698392
6.87,0.0150868549444
6.88,0.0147748344478
6.89,0.0144656506956
6.9,0.0141593174694
6.91,0.0138558485155
6.92,0.0135552577962
6.93,0.013257559099
6.94,0.0129627661869
6.95,0.012670893024
6.96,0.0123819534949
6.97,0.0120959615408
6.98,0.0118129310006
6.99,0.0115328758164
7,0.0112558099848
7.01,0.0109817474752
7.02,0.0107107022054
7.03,0.0104426882466
7.04,0.0101777195984
7.05,0.0099158101653
7.06,0.00965697418712
7.07,0.00940122556327
7.08,0.00914857849108
7.09,0.00889904699916
7.1,0.00865264509811
7.11,0.00840938712788
7.12,0.00816928702657
7.13,0.00793235901277
7.14,0.00769861727479
7.15,0.00746807600006
7.16,0.0072407492848
7.17,0.00701665144683
7.18,0.00679579661241
7.19,0.00657819917795
7.2,0.00636387324512
7.21,0.00615283321564
7.22,0.0059450932651
7.23,0.00574066771532
7.24,0.00553957085236
7.25,0.00534181711908
7.26,0.00514742079258
7.27,0.00495639622958
7.28,0.00476875780885
7.29,0.00458451986245
7.3,0.00440369690035
7.31,0.00422630330997
7.32,0.00405235346707
7.33,0.00388186188933
7.34,0.00371484302684
7.35,0.00355131129674
7.36,0.00339128128157
7.37,0.00323476745952
7.38,0.00308178429371
7.39,0.00293234642805
7.4,0.00278646828388
7.41,0.00264416448566
7.42,0.00250544966517
7.43,0.00237033836961
7.44,0.00223884517421
7.45,0.0021109847998
7.46,0.00198677176678
7.47,0.00186622083398
7.48,0.00174934655244
7.49,0.00163616372192
7.5,0.00152668698539
7.51,0.00142093100828
7.52,0.001318910555
7.53,0.00122064040949
7.54,0.00112613523497
7.55,0.00103540985794
7.56,0.000948479038822
7.57,0.000865357554311
7.58,0.000786060256583
7.59,0.0007106019137
7.6,0.000638997406361
7.61,0.000571261565363
7.62,0.000507409275523
7.63,0.00044745537508
7.64,0.000391414788799
7.65,0.000339302424261
7.66,0.000291133176617
7.67,0.000246922000704
7.68,0.000206683819863
7.69,0.000170433642271
7.7,0.000138186390513
7.71,0.000109957079129
7.72,8.57607086731e-05
7.73,6.56122992903e-05
7.74,4.95268717923e-05
7.75,3.75194785956e-05
7.76,2.96051702336e-05
7.77,2.5799019495e-05
7.78,2.61161111677e-05
7.79,3.05715416407e-05
7.8,3.91804256587e-05
7.81,5.19578832299e-05
7.82,6.89190561167e-05
7.83,9.007910081e-05
7.84,0.000115453174056
7.85,0.000145056450576
7.86,0.000178904130468
7.87,0.000217011418015
7.88,0.000259393529252
7.89,0.000306065698718
7.9,0.000357043171237
7.91,0.000412341199465
7.92,0.000471975050936
7.93,0.00053596002814
7.94,0.000604311419741
7.95,0.000677044507363
7.96,0.000754174681074
7.97,0.000835717196041
7.98,0.000921687470108
7.99,0.00101210085189
8,0.0011069726742
8.01,0.0012063183579
8.02,0.00131015330343
8.03,0.00141849291432
8.04,0.00153135264607
8.05,0.00164874792223
8.06,0.00177069418965
8.07,0.00189720688078
8.08,0.00202830151667
8.09,0.0021639936023
8.1,0.00230429861578
8.11,0.00244923205721
8.12,0.0025988094689
8.13,0.00275304645265
8.14,0.00291195843293
8.15,0.00307556109842
8.16,0.0032438699501
8.17,0.00341690060078
8.18,0.00359466869876
8.19,0.00377718979892
8.2,0.00396447952701
8.21,0.00415655358914
8.22,0.00435342756309
8.23,0.00455511713078
8.24,0.00476163801987
8.25,0.00497300591169
8.26,0.00518923640182
8.27,0.00541034536372
8.28,0.00563634841636
8.29,0.00586726136376
8.3,0.00610309986591
8.31,0.00634387971686
8.32,0.00658961676059
8.33,0.00684032676486
8.34,0.00709602546412
8.35,0.00735672863983
8.36,0.00762245221688
8.37,0.00789321197795
8.38,0.00816902383194
8.39,0.00844990347795
8.4,0.00873586695968
8.41,0.00902693013267
8.42,0.00932310879077
8.43,0.0096244188929
8.44,0.00993087631326
8.45,0.0102424970789
8.46,0.0105592970117
8.47,0.0108812921817
8.48,0.0112084985075
8.49,0.0115409318822
8.5,0.0118786083848
8.51,0.0122215439646
8.52,0.0125697546303
8.53,0.0129232564614
8.54,0.0132820653934
8.55,0.0136461974981
8.56,0.014015668933
8.57,0.0143904955871
8.58,0.0147706936772
8.59,0.0151562791988
8.6,0.01554726825
8.61,0.0159436769907
8.62,0.0163455216196
8.63,0.0167528180794
8.64,0.0171655826387
8.65,0.0175838314963
8.66,0.0180075805567
8.67,0.0184368462906
8.68,0.0188716447841
8.69,0.0193119921732
8.7,0.0197579046645
8.71,0.0202093986179
8.72,0.0206664900332
8.73,0.0211291954027
8.74,0.0215975308479
8.75,0.0220715124334
8.76,0.0225511568877
8.77,0.0230364800986
8.78,0.023527498578
8.79,0.0240242284958
8.8,0.024526686205
8.81,0.0250348880097
8.82,0.0255488502413
8.83,0.0260685893867
8.84,0.0265941216077
8.85,0.0271254634169
8.86,0.0276626310382
8.87,0.0282056409319
8.88,0.0287545095437
8.89,0.0293092533039
8.9,0.0298698885528
8.91,0.0304364315908
8.92,0.0310088991289
8.93,0.031587307358
8.94,0.0321716728905
8.95,0.0327620121928
8.96,0.0333583417386
8.97,0.0339606778802
8.98,0.0345690371387
8.99,0.0351834360685
9,0.0358038914407
9.01,0.0364304194725
9.02,0.0370630364966
9.03,0.0377017596293
9.04,0.0383466050495
9.05,0.0389975893487
9.06,0.0396547291558
9.07,0.040318040969
9.08,0.0409875414924
9.09,0.041663247395
9.1,0.0423451751278
9.12,0.0437277626539
9.13,0.0444284558039
9.14,0.0451354373519
9.15,0.0458487238953
9.16,0.0465683322882
9.17,0.0472942791134
9.18,0.0480265810157
9.19,0.0487652545026
9.2,0.0495103168534
9.21,0.0502617842035
9.22,0.0510196735266
9.23,0.0517840015226
9.24,0.0525547848979
9.25,0.0533320404986
9.26,0.0541157849434
9.27,0.054906034897
9.28,0.0557028076495
9.29,0.0565061192568
9.3,0.0573159872078
9.31,0.0581324277703
9.32,0.0589554580059
9.33,0.0597850948002
9.34,0.0606213546206
9.35,0.0614642548075
9.36,0.0623138118769
9.37,0.0631700426769
9.38,0.0640329641014
9.39,0.064902593098
9.4,0.0657789467314
9.41,0.06666204135
9.42,0.0675518943117
9.43,0.0684485221642
9.44,0.0693519422034
9.45,0.0702621711567
9.46,0.0711792259066
9.47,0.0721031233462
9.48,0.0730338806948
9.49,0.073971514747
9.5,0.074916042213
9.51,0.0758674802226
9.52,0.0768258459064
9.53,0.0777911560045
9.54,0.078763427705
9.55,0.0797426778829
9.56,0.0807289236255
9.57,0.0817221820281
9.58,0.0827224699448
9.59,0.0837298042702
9.6,0.0847442023365
9.61,0.0857656811837
9.62,0.0867942576571
9.63,0.0878299488453
9.64,0.0888727718113
9.65,0.0899227438052
9.66,0.0909798818215
9.67,0.0920442026731
9.68,0.0931157239922
9.69,0.0941944623851
9.7,0.0952804351412
9.71,0.0963736593799
9.72,0.0974741524165
9.73,0.0985819310553
9.74,0.0996970126488
9.75,0.100819414202
9.76,0.101949152998
9.77,0.103086246007
9.78,0.104230710392
9.79,0.1053825638
9.8,0.106541822884
9.81,0.107708504729
9.82,0.108882627159
9.83,0.110064206807
9.84,0.111253261063
9.85,0.112449807262
9.86,0.113653862274
9.87,0.114865443826
9.88,0.116084568649
9.89,0.117311254522
9.9,0.118545518038
9.91,0.11978737685
9.92,0.121036848102
9.93,0.122293949213
9.94,0.123558697202
9.95,0.124831109636
9.96,0.126111203228
9.97,0.127398996157
9.98,0.128694504972
9.99,0.129997747399
10,0.13130874031
10.01,0.132627501333
10.02,0.133954047785
10.03,0.135288397207
10.04,0.136630566213
10.05,0.137980572462
10.06,0.139338433786
10.07,0.140704166865
10.08,0.142077789328
10.09,0.143459318586
10.1,0.144848771931
10.11,0.14624616663
10.12,0.147651520501
10.13,0.149064850004
10.14,0.150486173326
10.15,0.151915507907
10.16,0.153352870337
10.17,0.154798278876
10.18,0.156251750579
10.19,0.157713302676
10.2,0.159182952814
10.21,0.160660718295
10.22,0.162146616652
10.23,0.163640665442
10.24,0.165142881608
10.25,0.166653283076
10.26,0.168171887099
10.27,0.169698711184
10.28,0.171233772487
10.29,0.172777088819
10.3,0.174328677458
10.31,0.175888555935
10.32,0.177456741649
10.33,0.179033252456
10.34,0.180618105325
10.35,0.182211318188
10.36,0.183812908028
10.37,0.185422892573
10.38,0.187041289844
10.39,0.188668115799
10.4,0.190303389673
10.41,0.191947128271
10.42,0.19359934891
10.43,0.195260069879
10.44,0.196929307272
10.45,0.198607079974
10.46,0.200293405198
10.47,0.201988300081
10.48,0.203691782012
10.49,0.205403869135
10.5,0.207124578867
10.51,0.208853928603
10.52,0.21059193577
10.53,0.212338618259
10.54,0.214093993487
10.55,0.215858078755
10.56,0.217630891883
10.57,0.219412450725
10.58,0.221202772154
10.59,0.223001874164
10.6,0.224809774536
10.61,0.226626490439
10.62,0.228452039597
10.63,0.230286439802
10.64,0.232129708222
10.65,0.233981863092
10.66,0.235842921141
10.67,0.237712900558
10.68,0.239591819207
10.69,0.241479693704
10.7,0.243376542883
10.71,0.245282383252
10.72,0.247197233094
10.73,0.249121109872
10.74,0.251054031275
10.75,0.252996014848
10.76,0.254947077848
10.77,0.256907238571
10.78,0.258876514342
10.79,0.260854922638
10.8,0.262842481252
10.81,0.264839207735
10.82,0.266845119637
10.83,0.268860234922
10.84,0.270884571058
10.85,0.272918145703
10.86,0.274960976272
10.87,0.277013080544
10.88,0.279074477119
10.89,0.281145181625
10.9,0.283225213812
10.91,0.285314589852
10.92,0.287413327945
10.93,0.289521445752
10.94,0.291638961013
10.95,0.29376589147
10.96,0.295902254449
10.97,0.298048067795
10.98,0.300203349329
10.99,0.302368116302
11,0.304542386313
11.01,0.306726177994
11.02,0.308919508129
11.03,0.311122394709
11.04,0.313334855413
11.05,0.315556907337
11.06,0.31778856897
11.07,0.320029857579
11.08,0.322280791105
11.09,0.32454138679
11.1,0.326811662641
11.11,0.329091636772
11.12,0.331381325849
11.13,0.333680748218
11.14,0.335989921058
11.15,0.338308862815
11.16,0.340637591092
11.17,0.342976122529
11.18,0.345324476016
11.19,0.347682668729
11.2,0.350050717911
11.21,0.352428642098
11.22,0.354816458483
11.23,0.357214184715
11.24,0.35962183895
11.25,0.362039438227
11.26,0.36446700033
11.27,0.366904543381
11.28,0.369352085165
11.29,0.371809642628
11.3,0.374277233926
11.31,0.376754876641
11.32,0.37924258881
11.33,0.381740387397
11.34,0.384248290723
11.35,0.386766316008
11.36,0.389294481386
11.37,0.391832804364
11.38,0.394381302151
11.39,0.396939993629
11.4,0.399508895
11.41,0.40208802477
11.42,0.404677400335
11.43,0.407277040118
11.44,0.409886960963
11.45,0.412507180624
11.46,0.415137716579
11.47,0.417778587454
11.48,0.420429809873
11.49,0.42309140246
11.5,0.425763381641
11.51,0.428445766695
11.52,0.431138573676
11.53,0.433841821289
11.54,0.436555526624
11.55,0.439279707636
11.56,0.442014382168
11.58,0.447515282038
11.59,0.450281542492
11.6,0.453058366688
11.61,0.455845772588
11.62,0.458643777726
11.63,0.461452399559
11.64,0.464271656223
11.65,0.467101564855
11.66,0.469942143301
11.67,0.472793409094
11.68,0.475655379871
11.69,0.478528074176
11.7,0.481411507814
11.71,0.484305699635
11.72,0.487210667358
11.73,0.490126428087
11.74,0.493052999976
11.75,0.49599040002
11.76,0.498938646129
11.77,0.501897756333
11.78,0.504867746903
11.79,0.507848637413
11.8,0.510840443698
11.81,0.513843184499
11.82,0.516856876893
11.83,0.519881538908
11.84,0.522917187693
11.85,0.525963840321
11.86,0.529021515954
11.87,0.532090230695
11.88,0.535170002966
11.89,0.538260849609
11.9,0.541362789463
11.91,0.544475838269
11.92,0.547600014897
11.93,0.550735337318
11.94,0.553881821816
11.95,0.557039486137
11.96,0.560208348382
11.97,0.56338842631
11.98,0.566579736691
11.99,0.569782297299
12,0.572996126642
12.01,0.576221240716
12.02,0.579457658022
12.03,0.582705395647
12.04,0.585964471005
12.05,0.589234902235
12.06,0.592516706787
12.07,0.595809901229
12.08,0.599114503863
12.09,0.60243053218
12.1,0.605758003657
12.11,0.609096934771
12.12,0.612447344922
12.13,0.615809249649
12.14,0.619182668369
12.15,0.622567616598
12.16,0.625964112356
12.17,0.629372173929
12.18,0.632791818516
12.19,0.636223063323
12.2,0.639665925221
12.21,0.64312042222
12.22,0.646586571978
12.23,0.650064391583
12.24,0.653553898427
12.25,0.657055110063
12.26,0.660568043767
12.27,0.664092717397
12.28,0.667629147773
12.29,0.671177352404
12.3,0.674737348427
12.31,0.678309154526
12.32,0.68189278617
12.33,0.68548826192
12.34,0.689095599369
12.35,0.692714814602
12.36,0.696345926324
12.37,0.69998895107
12.38,0.703643906287
12.39,0.70731080967
12.4,0.710989678424
12.41,0.714680528986
12.42,0.718383380289
12.43,0.722098248367
12.44,0.725825151138
12.45,0.729564105204
12.46,0.733315128598
12.47,0.737078238499
12.48,0.740853451178
12.49,0.744640785302
12.5,0.748440257891
12.51,0.752251884867
12.52,0.756075684939
12.53,0.759911674985
12.54,0.763759871783
12.55,0.767620293166
12.56,0.771492956067
12.57,0.775377877244
12.58,0.779275074182
12.59,0.783184564457
12.6,0.787106365216
12.61,0.791040493081
12.62,0.794986965889
12.63,0.798945799768
12.64,0.802917012594
12.65,0.806900622119
12.66,0.810896643885
12.67,0.81490509689
12.68,0.818925996346
12.69,0.822959360966
12.7,0.827005206818
12.71,0.831063551593
12.72,0.835134412069
12.73,0.839217805615
12.74,0.843313748739
12.75,0.84742225919
12.76,0.851543353426
12.77,0.855677048468
12.78,0.859823361765
12.79,0.863982310378
12.8,0.868153911115
12.81,0.872338181188
12.82,0.876535137098
12.83,0.880744796476
12.84,0.884967175173
12.85,0.889202291389
12.86,0.893450162232
12.87,0.897710803406
12.88,0.901984232944
12.89,0.906270465845
12.9,0.910569522328
12.91,0.914881416748
12.92,0.919206166392
12.93,0.923543789334
12.94,0.927894300892
12.95,0.932257718902
12.96,0.936634060203
12.97,0.941023341079
12.98,0.94542557895
12.99,0.949840790683
13,0.954268992828
13.01,0.958710201474
13.02,0.963164434972
13.03,0.967631708255
13.04,0.972112040554
13.05,0.976605446615
13.06,0.981111943116
13.07,0
13.08,0.990164277627
13.09,0.99471014839
13.1,0.999269177543
13.11,1.00384138153
13.12,1.00842677668
13.13,1.01302537965
13.14,1.01763720802
13.15,1.02226227768
13.16,1.02690060533
13.17,1.03155220771
13.18,1.03621710177
13.19,1.04089530334
13.2,1.0455868296
13.21,1.05029169708
13.22,1.05500992267
13.23,1.05974152234
13.24,1.06448651264
13.25,1.06924491079
13.26,1.07401673234
13.27,1.07880199522
13.28,1.08360071459
13.29,1.08841290749
13.3,1.09323859057
13.31,1.09807777922
13.32,1.10293049163
13.33,1.10779674327
13.34,1.11267655112
13.35,1.11756993014
13.36,1.12247689795
13.37,1.1273974708
13.38,1.13233166506
13.39,1.13727949715
13.4,1.14224098393
13.41,1.14721614041
13.42,1.15220498388
13.43,1.15720753039
13.44,1.16222379675
13.45,1.16725379797
13.46,1.17229755181
13.47,1.17735507338
13.48,1.18242637977
13.49,1.18751148665
13.5,1.19261041057
13.51,1.19772316766
13.52,1.20284977445
13.53,1.20799024588
13.54,1.21314460073
13.55,1.21831285153
13.56,1.22349501693
13.57,1.22869111294
13.58,1.23390115439
13.59,1.23912515872
13.6,1.24436314105
13.61,1.24961511823
13.62,1.25488110564
13.63,1.26016112
13.64,1.26545517674
13.65,1.27076329232
13.66,1.2760854822
13.67,1.28142176297
13.68,1.28677215073
13.69,1.29213665984
13.7,1.29751530817
13.71,1.30290811008
13.72,1.30831508308
13.73,1.31373624168
13.74,1.31917160311
13.75,1.32462118167
13.76,1.33008499456
13.77,1.33556305612
13.78,1.34105538379
13.79,1.3465619926
13.8,1.35208289868
13.81,1.35761811729
13.82,1.36316766381
13.83,1.36873155473
13.84,1.37430980543
13.85,1.3799024333
13.86,1.38550945065
13.87,1.39113087614
13.88,1.39676672357
13.89,1.40241700963
13.9,1.40808174944
13.91,1.41376095872
13.92,1.41945465385
13.93,1.42516284891
13.94,1.43088556066
13.95,1.43662280318
13.96,1.44237459413
13.97,1.44814094778
13.98,1.45392187926
13.99,1.45971740408
14,1.46552753905
14.01,1.47135229801
14.02,1.4771916978
14.03,1.48304575264
14.04,1.48891447855
14.05,1.49479788961
14.06,1.50069600334
14.07,1.5066088338
14.08,1.51253639614
14.09,1.51847870573
14.1,1.5244357785
14.11,1.53040762984
14.12,1.53639427395
14.13,1.54239572667
14.14,1.54841200353
14.15,1.55444311887
14.16,1.56048908762
14.17,1.56654992642
14.18,1.572625649
14.19,1.57871627161
14.2,1.58482180844
14.21,1.59094227537
14.22,1.59707768648
14.23,1.6032280574
14.24,1.60939340354
14.25,1.61557373932
14.26,1.62176907891
14.27,1.62797943934
14.28,1.63420483368
14.29,1.64044527792
14.3,1.64670078663
14.31,1.65297137502
14.32,1.65925705686
14.33,1.66555784815
14.34,1.67187376336
14.35,1.67820481735
14.36,1.68455102465
14.37,1.69091240067
14.38,1.69728895855
14.39,1.70368071548
14.4,1.71008768441
14.41,1.71650987997
14.42,1.72294731706
14.43,1.7294000115
14.44,1.73586797702
14.45,1.74235122755
14.46,1.74884977895
14.47,1.75536364502
14.48,1.76189283972
14.49,1.76843737887
14.5,1.77499727621
14.51,1.78157254641
14.52,1.78816320454
14.53,1.79476926419
14.54,1.80139073975
14.55,1.80802764539
14.56,1.81467999726
14.57,1.82134780686
14.58,1.82803109168
14.59,1.83472986313
14.6,1.84144413816
14.61,1.84817392819
14.62,1.85491925011
14.63,1.86168011624
14.64,1.86845654168
14.65,1.87524854072
14.66,1.88205612726
14.67,1.88887931564
14.68,1.89571811916
14.69,1.90257255394
14.7,1.90944263107
14.71,1.9163283669
14.72,1.92322977415
14.73,1.93014686795
14.74,1.93707966141
14.75,1.94402816932
14.76,1.95099240327
14.77,1.95797238137
14.78,1.96496811361
14.79,1.97197961686
14.8,1.97900690196
14.81,1.98604998475
14.82,1.99310887807
14.83,2.00018359654
14.84,2.00727415356
14.85,2.01438056272
14.86,2.02150283784
14.87,2.02864099289
14.88,2.03579503952
14.89,2.04296499537
14.9,2.05015087027
14.91,2.05735267911
14.92,2.06457043668
14.93,2.07180415338
14.94,2.07905384691
14.95,2.08631952749
14.96,2.09360120994
14.97,2.10089890723
14.98,2.10821263309
14.99,2.1155424004
15,2.12288822306
15.01,2.13025011431
15.02,2.13762808691
15.03,2.14502215519
15.04,2.15243233167
15.05,2.15985863028
15.06,2.16730106313
15.07,2.17475964413
15.08,2.18223438634
15.09,2.18972530244
15.1,2.19723240619
15.11,2.20475571037
15.12,2.21229522811
15.13,2.21985097356
15.14,2.2274229571
15.15,2.2350111938
15.16,2.24261569558
15.17,2.2502364761
15.18,2.25787354837
15.19,2.26552692434
15.2,2.27319661766
15.21,2.28088264076
15.22,2.28858500673
15.23,2.29630372766
15.24,2.3040388173
15.25,2.31179028808
15.26,2.31955815252
15.27,2.32734242213
15.28,2.33514311176
15.29,2.34296023226
15.3,2.35079379722
15.31,2.3586438195
15.32,2.36651031019
15.33,2.37439328255
15.34,2.38229274922
15.35,2.39020872265
15.36,2.39814121438
15.37,2.40609023835
15.38,2.41405580544
15.39,2.42203792968
15.4,2.43003662202
15.41,2.43805189515
15.42,2.44608376036
15.43,2.45413223168
15.44,2.46219732035
15.45,2.47027903738
15.46,2.47837739788
15.47,2.48649241071
15.48,2.49462409069
15.49,2.50277244824
15.5,2.5109374953
15.51,2.51911924449
15.52,2.52731770692
15.53,2.53553289666
15.54,2.54376482335
15.55,2.55201349971
15.56,2.56027893741
15.57,2.56856114845
15.58,2.57686014502
15.59,2.58517593827
15.6,2.59350854062
15.61,2.60185796207
15.62,2.61022421606
15.63,2.61860731347
15.64,2.62700726721
15.65,2.63542408692
15.66,2.64385778505
15.67,2.6523083724
15.68,2.66077586234
15.69,2.66926026506
15.7,2.67776159188
15.71,2.68627985324
15.72,2.69481506357
15.73,2.70336723061
15.74,2.71193636804
15.75,2.72052248613
15.76,2.72912559732
15.77,2.73774571153
15.78,2.74638284094
15.79,2.75503699467
15.8,2.76370818723
15.81,2.77239642688
15.82,2.78110172536
15.83,2.78982409407
15.84,2.79856354452
15.85,2.80732008645
15.86,2.81609373131
15.87,2.82488449026
15.88,2.83369237423
15.89,2.84251739413
15.9,2.85135956003
15.91,2.86021888379
15.92,2.86909537434
15.93,2.87798904541
15.94,2.88689990426
15.95,2.89582796395
15.96,2.90477323368
15.97,2.91373572475
15.98,2.92271544783
15.99,2.93171241242
16,2.94072663225
16.01,2.94975811222
16.02,2.95880686789
16.03,2.96787290613
16.04,2.97695623983
16.05,2.98605687922
16.06,2.99517483181
16.07,3.00431011004
16.08,3.01346272513
16.09,3.02263268356
16.1,3.03181999969
16.11,3.04102468054
16.12,3.05024673806
16.13,3.05948618221
16.14,3.06874302147
16.15,3.07801726767
16.16,3.08730892902
16.17,3.09661801574
16.18,3.10594454049
16.19,3.11528850994
16.2,3.12464993425
16.21,3.13402882487
16.22,3.143425189
16.23,3.15283903983
16.24,3.16227038284
16.25,3.17171923148
16.26,3.18118559361
16.27,3.19066947844
16.28,3.20017089626
16.29,3.20968985717
16.3,3.2192263675
16.31,3.22878044113
16.32,3.23835208436
16.33,3.24794130783
16.34,3.25754811989
16.35,3.26717253233
16.36,3.27681455091
16.37,3.28647418612
16.38,3.29615144768
16.39,3.30584634522
16.4,3.31555888704
16.41,3.32528908244
16.42,3.33503693932
16.43,3.34480246872
16.44,3.35458567838
16.45,3.36438657732
16.46,3.37420517523
16.47,3.38404147925
16.48,3.39389549952
16.49,3.40376724387
16.5,3.41365672267
16.51,3.42356394379
16.52,3.43348891435
16.53,3.44343164522
16.54,3.45339214482
16.55,3.46337042053
16.56,3.47336648147
16.57,3.48338033466
16.58,3.49341199226
16.59,3.50346145806
16.6,3.51352874453
16.61,3.52361385624
16.62,3.53371680567
16.63,3.54383759753
16.64,3.55397624175
16.65,3.56413274518
16.66,3.57430711801
16.67,3.58449936638
16.68,3.59470949981
16.69,3.60493752522
16.7,3.61518345032
16.71,3.62544728456
16.72,3.63572903578
16.73,3.64602870971
16.74,3.65634631691
16.75,3.66668186289
16.76,3.67703535845
16.77,3.68740680591
16.78,3.69779621845
16.79,3.70820360086
16.8,3.71862896158
16.81,3.72907230712
16.82,3.7395336469
16.83,3.75001298759
16.84,3.76051033418
16.85,3.77102569939
16.86,3.78155908549
16.87,3.79211050265
16.88,3.80267995737
16.89,3.8132674551
16.9,3.82387300652
16.91,3.83449661724
16.92,3.84513829259
16.93,3.85579804255
16.94,3.86647587152
16.95,3.87717178834
16.96,3.88788579919
16.97,3.89861791165
16.98,3.90936813116
16.99,3.92013646649
17,3.93092292328
17.01,3.94172750726
17.02,3.95255022849
17.03,3.96339108969
17.04,3.97425010052
17.05,3.98512726471
17.06,3.99602259045
17.07,4.00693608562
17.08,4.01786775397
17.09,4.02881760412
17.1,4.0397856412
17.11,4.05077187115
17.12,4.06177630204
17.13,4.07279893786
17.14,4.08383978682
17.15,4.09489885351
17.16,4.1059761457
17.17,4.1170716686
17.18,4.12818542747
17.19,4.13931742818
17.2,4.1504676792
17.21,4.16163618348
17.22,4.17282294893
17.23,4.18402798024
17.24,4.19525128362
17.25,4.20649286523
17.26,4.21775273061
17.27,4.22903088316
17.28,4.24032733092
17.29,4.25164208036
17.3,4.26297513405
17.31,4.27432649941
17.32,4.2856961825
17.33,4.2970841856
17.34,4.30849051745
17.35,4.31991518034
17.36,4.33135818297
17.37,4.34281952804
17.38,4.3542992215
17.39,4.36579726915
17.4,4.37731367395
17.41,4.38884844277
17.42,4.40040157938
17.43,4.41197309102
17.44,4.42356297914
17.45,4.43517125238
17.46,4.44679791254
17.47,4.45844296555
17.48,4.47010641529
17.49,4.48178826808
17.5,4.49348852789
17.51,4.50520719833
17.52,4.51694428457
17.53,4.52869979226
17.54,4.54047372355
17.55,4.55226608463
17.56,4.56407687942
17.57,4.5759061119
17.58,4.58775378701
17.59,4.59961990654
17.6,4.6115044782
17.61,4.62340750548
17.62,4.63532898959
17.63,4.64726893749
17.64,4.65922735158
17.65,4.67120423729
17.66,4.68319959626
17.67,4.69521343325
17.68,4.70724575329
17.69,4.7192965598
17.7,4.73136585614
17.71,4.74345364512
17.72,4.75555993143
17.73,4.7676847186
17.74,4.77982800778
17.75,4.79198980641
17.76,4.80417011421
17.77,4.81636893778
17.78,4.82858627696
17.79,4.84082213937
17.8,4.85307652449
17.81,4.86534943756
17.82,4.87764088
17.83,4.88995085685
17.84,4.90227936916
17.85,4.91462642181
17.86,4.92699201781
17.87,4.93937615627
17.88,4.95177884615
17.89,4.9642000861
17.9,4.97663987894
17.91,4.98909822822
17.92,5.00157513795
17.93,5.01407060733
17.94,5.02658464177
17.95,5.03911724267
17.96,5.05166841237
17.97,5.0642381549
17.98,5.07682647082
17.99,5.0894333621
18,5.10205883373
18.01,5.11470288526
18.02,5.12736551896
18.03,5.14004673752
18.04,5.15274654321
18.05,5.16546493802
18.06,5.17820192397
18.07,5.19095750363
18.08,5.20373167681
18.09,5.21652444652
18.1,5.22933581535
18.11,5.24216578308
18.12,5.25501435406
18.13,5.26788152678
18.14,5.28076730531
18.15,5.29367168988
18.16,5.30659468201
18.17,5.31953628279
18.18,5.33249649364
18.19,5.3454753184
18.2,5.35847275538
18.21,5.37148880558
18.22,5.38452347322
18.23,5.39757675502
18.24,5.4106486548
18.25,5.42373917548
18.26,5.43684831358
18.27,5.44997607287
18.28,5.46312245212
18.29,5.47628745516
18.3,5.48947107988
18.31,5.50267332782
18.32,5.5158942007
18.33,5.52913369694
18.34,5.54239182022
18.35,5.55566856733
18.36,5.56896394087
18.37,5.5822779408
18.38,5.59561056818
18.39,5.60896182184
18.4,5.62233170333
18.41,5.63572021244
18.42,5.649127348
18.43,5.66255311164
18.44,5.67599750233
18.45,5.68946052092
18.46,5.70294216675
18.47,5.71644243985
18.48,5.72996133926
18.49,5.74349886563
18.5,5.75705501935
18.51,5.77062979923
18.52,5.78422320382
18.53,5.79783523363
18.54,5.81146588787
18.55,5.82511516651
18.56,5.83878306761
18.57,5.85246959322
18.58,5.86617473811
18.59,5.87989850586
18.6,5.89364089418
18.61,5.9074019009
18.62,5.92118152642
18.63,5.93497976791
18.64,5.9487966268
18.65,5.96263210125
18.66,5.97648618928
18.67,5.99035888992
18.68,6.00425020248
18.69,6.01816012446
18.7,6.03208865392
18.71,6.04603579243
18.72,6.06000153583
18.73,6.07398588278
18.74,6.08798883243
18.75,6.10201038329
18.76,6.11605053356
18.77,6.13010928063
18.78,6.14418662277
18.79,6.15828255873
18.8,6.17239708609
18.81,6.18653020327
18.82,6.20068190802
18.83,6.21485219835
18.84,6.22904107031
18.85,6.24324852331
18.86,6.25747455507
18.87,6.27171916471
18.88,6.28598234559
18.89,6.30026410013
18.9,6.31456442143
18.91,6.32888330913
18.92,6.34322076229
18.93,6.35757677455
18.94,6.37195134662
18.95,6.38634447322
18.96,6.40075615156
18.97,6.41518638073
18.98,6.42963515479
18.99,6.44410247403
19,6.45858833157
19.01,6.47309272787
19.02,6.48761565928
19.03,6.50215711947
19.04,6.51671710833
19.05,6.53129562022
19.06,6.54589265372
19.07,6.56050820426
19.08,6.57514226755
19.09,6.58979484133
19.1,6.60446592151
19.11,6.61915550428
19.12,6.63386358603
19.13,6.64859016295
19.14,6.66333522956
19.15,6.67809878492
19.16,6.69288082152
19.17,6.70768133925
19.18,6.72250033061
19.19,6.73733779108
19.2,6.75219371966
19.21,6.76706810983
19.22,6.78196095854
19.23,6.79687225875
19.24,6.8118020083
19.25,6.82675020342
19.26,6.84171683706
19.27,6.85670190509
19.28,6.87170540483
19.29,6.8867273279
19.3,6.90176767269
19.31,6.91682643264
19.32,6.9319036027
19.33,6.94699917944
19.34,6.96211315591
19.35,6.97724552927
19.36,6.99239628968
19.37,7.00756543774
19.38,7.02275296511
19.39,7.03795886536
19.4,7.05318313411
19.41,7.06842576617
19.42,7.08368675771
19.43,7.09896609919
19.44,7.11426378779
19.45,7.12957981638
19.46,7.14491417952
19.47,7.16026687224
19.48,7.17563788734
19.49,7.19102721961
19.5,7.20643486209
19.51,7.22186080996
19.52,7.23730505571
19.53,7.25276759442
19.54,7.26824841944
19.55,7.28374752365
19.56,7.29926490062
19.57,7.3148005444
19.58,7.33035444838
19.59,7.34592660544
19.6,7.36151701046
19.61,7.37712565411
19.62,7.39275253302
19.63,7.4083976359
19.64,7.42406096002
19.65,7.43974249718
19.66,7.45544223859
19.67,7.4711601787
19.68,7.48689630938
19.69,7.50265062527
19.7,7.51842311719
19.71,7.53421377886
19.72,7.55002260185
19.73,7.56584957857
19.74,7.58169470386
19.75,7.5975579675
19.76,7.61343936177
19.77,7.62933888012
19.78,7.64525651646
19.79,7.66119225969
19.8,7.67714610483
19.81,7.69311803888
19.82,7.7091080592
19.83,7.72511615548
19.84,7.74114231947
19.85,7.75718654276
19.86,7.77324881816
19.87,7.78932913607
19.88,7.80542748648
19.89,7.82154386817
19.9,7.83767826438
19.91,7.85383066877
19.92,7.87000107426
19.93,7.88618947062
19.94,7.90239584995
19.95,7.91862020208
19.96,7.93486252009
19.97,7.95112279258
19.98,7.96740101399
19.99,7.9836971723
20,8.00001125877
20.01,8.01634326417
20.02,8.03269317865
20.03,8.04906099276
20.04,8.06544670064
20.05,8.08185028794
20.06,8.09827174804
20.07,8.11471106948
20.08,8.13116824303
20.09,8.14764325965
20.1,8.16413610892
20.11,8.1806467804
20.12,8.19717526682
20.13,8.21372155347
20.14,8.23028563283
20.15,8.24686749642
20.16,8.26346713259
20.17,8.28008452973
20.18,8.29671967816
20.19,8.31337256788
20.2,8.33004318824
20.21,8.34673152976
20.22,8.36343757905
20.23,8.38016132896
20.24,8.39690276423
20.25,8.41366188029
20.26,8.43043865848
20.27,8.44723309306
20.28,8.4640451749
20.29,8.48087488454
20.3,8.49772222032
20.31,8.51458716486
20.32,8.53146970869
20.33,8.54836984151
20.34,8.56528755052
20.35,8.58222282459
20.36,8.59917565242
20.37,8.61614602124
20.38,8.63313392169
20.39,8.65013933848
20.4,8.66716226423
20.41,8.68420268387
20.42,8.7012605852
20.43,8.7183359571
20.44,8.73542878959
20.45,8.75253906598
20.46,8.76966677691
20.47,8.78681191084
20.48,8.80397445239
20.49,8.82115439271
20.5,8.83835171733
20.51,8.85556641259
20.52,8.87279846941
20.53,8.89004786999
20.54,8.90731460718
20.55,8.92459866263
20.56,8.94190002701
20.57,8.95921868681
20.58,8.97655462934
20.59,8.99390783696
20.6,9.01127830522
20.61,9.0286660123
20.62,9.04607095075
20.63,9.06349310324
20.64,9.08093245814
20.65,9.09838900195
20.66,9.11586272037
20.67,9.13335360125
20.68,9.15086162896
20.69,9.16838679065
20.7,9.18592907191
20.71,9.20348845999
20.72,9.2210649399
20.73,9.23865849786
20.74,9.25626911931
20.75,9.27389678926
20.76,9.29154149568
20.77,9.30920322324
20.78,9.3268819578
20.79,9.34457768303
20.8,9.36229038593
20.81,9.38002005059
20.82,9.39776666472
20.83,9.41553021181
20.84,9.43331067806
20.85,9.45110804678
20.86,9.4689223045
20.87,9.48675343567
20.88,9.50460142501
20.89,9.52246625768
20.9,9.54034791855
20.91,9.55824639023
20.92,9.57616166132
20.93,9.59409371432
20.94,9.61204253119
20.95,9.63000810043
20.96,9.64799040299
20.97,9.66598942611
20.98,9.68400515264
20.99,9.70203756522
21,9.7200866509
21.01,9.73815239077
21.02,9.75623477024
21.03,9.77433377392
21.04,9.79244938342
21.05,9.8105815828
21.06,9.82873035831
21.07,9.84689568821
21.08,9.86507756374
21.09,9.88327596033
21.1,9.90149086576
21.11,9.91972226292
21.12,9.93797013418
21.13,9.95623446332
21.14,9.97451523222
21.15,9.99281242547
21.16,10.0111260246
21.17,10.0294560127
21.18,10.0478023722
21.19,10.0661650874
21.2,10.0845441404
21.21,10.1029395128
21.22,10.1213511881
21.23,10.1397791459
21.24,10.1582233727
21.25,10.1766838488
21.26,10.1951605563
21.27,10.213653478
21.28,10.2321625937
21.29,10.2506878882
21.3,10.2692293413
21.31,10.287786935
21.32,10.3063606554
21.33,10.3249504775
21.34,10.3435563884
21.35,10.3621783646
21.36,10.3808163919
21.37,10.3994704496
21.38,10.4181405222
21.39,10.436826585
21.4,10.4555286231
21.41,10.4742466169
21.42,10.4929805465
21.43,10.5117303952
21.44,10.5304961426
21.45,10.5492777693
21.46,10.5680752562
21.47,10.5868885848
21.48,10.6057177326
21.49,10.6245626843
21.5,10.6434234194
21.51,10.6622999149
21.52,10.681192155
21.53,10.7001001179
21.54,10.7190237844
21.55,10.7379631349
21.56,10.7569181497
21.57,10.7758888078
21.58,10.7948750894
21.59,10.8138769752
21.6,10.8328944428
21.61,10.8519274738
21.62,10.8709760465
21.63,10.8900401417
21.64,10.9091197368
21.65,10.9282148134
21.66,10.9473253517
21.67,10.9664513258
21.68,10.9855927213
21.69,11.004749511
21.7,11.0239216801
21.71,11.0431092037
21.72,11.0623120618
21.73,11.0815302309
21.74,11.1007636928
21.75,11.1200124248
21.76,11.1392764053
21.77,11.1585556136
21.78,11.177850029
21.79,11.1971596254
21.8,11.2164843861
21.81,11.2358242866
21.82,11.2551793056
21.84,11.2939346136
21.85,11.313334857
21.86,11.3327501293
21.87,11.352180412
21.88,11.3716256807
21.89,11.3910859106
21.9,11.4105610821
21.91,11.4300511724
21.92,11.4495561584
21.93,11.4690760182
21.94,11.4886107255
21.95,11.5081602623
21.96,11.5277246028
21.97,11.5473037266
21.98,11.5668976073
21.99,11.5865062232
22,11.6061295518
22.01,11.6257675694
22.02,11.6454202501
22.03,11.6650875759
22.04,11.6847695175
22.05,11.7044660555
22.06,11.724177165
22.07,11.7439028205
22.08,11.7636430009
22.09,11.7833976804
22.1,11.8031668359
22.11,11.8229504446
22.12,11.8427484786
22.13,11.8625609168
22.14,11.8823877333
22.15,11.902228907
22.16,11.9220844097
22.17,11.9419542194
22.18,11.9618383088
22.19,11.9817366559
22.2,12.0016492372
22.21,12.0215760223
22.22,12.0415169917
22.23,12.0614721176
22.24,12.0814413776
22.25,12.1014247435
22.26,12.1214221927
22.27,12.1414336969
22.28,12.1614592356
22.29,12.1814987783
22.3,12.2015523022
22.31,12.2216197827
22.32,12.2417011919
22.33,12.2617965068
22.34,12.2819056976
22.35,12.3020287437
22.36,12.3221656143
22.37,12.3423162854
22.38,12.3624807307
22.39,12.3826589255
22.4,12.4028508426
22.41,12.4230564561
22.42,12.443275737
22.43,12.4635086636
22.44,12.4837552058
22.45,12.504015335
22.46,12.5242890309
22.47,12.5445762618
22.48,12.5648770046
22.49,12.5851912289
22.5,12.6055189078
22.51,12.6258600169
22.52,12.6462145274
22.53,12.6665824123
22.54,12.6869636455
22.55,12.7073581989
22.56,12.7277660437
22.57,12.7481871534
22.58,12.7686214997
22.59,12.7890690592
22.6,12.8095297984
22.61,12.8300036932
22.62,12.8504907134
22.63,12.8709908325
22.64,12.891504022
22.65,12.9120302528
22.66,12.9325694998
22.67,12.9531217328
22.68,12.9736869222
22.69,12.9942650421
22.7,13.0148560613
22.72,13.0560766903
22.73,13.0767062402
22.74,13.0973485772
22.75,13.1180036723
22.76,13.1386714946
22.77,13.1593520158
22.78,13.1800452092
22.79,13.2007510418
22.8,13.2214694861
22.81,13.2422005141
22.82,13.2629440962
22.83,13.283700202
22.84,13.3044687991
22.85,13.3252498631
22.86,13.3460433611
22.87,13.3668492648
22.88,13.387667544
22.89,13.4084981691
22.9,13.4293411089
22.91,13.4501963339
22.92,13.4710638155
22.93,13.49194352
22.94,13.5128354208
22.95,13.5337394836
22.96,13.5546556825
22.97,13.5755839819
22.98,13.5965243586
22.99,13.6174767753
23,13.6384412032
23.01,13.6594176116
23.02,13.6804059692
23.03,13.7014062459
23.04,13.7224184099
23.05,13.7434424323
23.06,13.7644782774
23.07,13.7855259185
23.08,13.8065853209
23.09,13.8276564539
23.1,13.8487392889
23.11,13.8698337906
23.12,13.8909399277
23.13,13.912057671
23.14,13.9331869877
23.15,13.9543278436
23.16,13.9754802089
23.17,13.9966440536
23.18,14.0178193418
23.19,14.0390060411
23.2,14.0602041246
23.21,14.0814135524
23.22,14.1026342976
23.23,14.1238663251
23.24,14.1451096036
23.25,14.1663641019
23.26,14.1876297837
23.27,14.2089066196
23.28,14.2301945749
23.29,14.2514936154
23.3,14.2728037096
23.31,14.2941248255
23.32,14.3154569274
23.33,14.3367999874
23.34,14.3581539636
23.35,14.3795188291
23.36,14.400894547
23.37,14.4222810885
23.38,14.4436784144
23.39,14.4650864944
23.4,14.4865052927
23.41,14.507934777
23.42,14.5293749124
23.43,14.5508256661
23.44,14.5722870038
23.45,14.5937588897
23.46,14.6152412899
23.47,14.6367341724
23.48,14.658237501
23.49,14.6797512403
23.5,14.7012753581
23.51,14.7228098191
23.52,14.744354588
23.53,14.7659096285
23.54,14.7874749081
23.55,14.8090503913
23.56,14.8306360447
23.57,14.8522318303
23.58,14.8738377142
23.59,14.8954536617
23.6,14.9170796376
23.61,14.9387156031
23.62,14.960361529
23.63,14.9820173748
23.64,15.0036831079
23.65,15.0253586899
23.66,15.0470440872
23.67,15.0687392633
23.68,15.0904441814
23.69,15.1121588071
23.7,15.1338831032
23.71,15.1556170346
23.72,15.1773605652
23.73,15.199113657
23.74,15.2208762738
23.75,15.2426483829
23.76,15.2644299437
23.77,15.28622092
23.78,15.3080212774
23.79,15.3298309776
23.8,15.3516499839
23.81,15.3734782586
23.82,15.3953157673
23.83,15.4171624717
23.84,15.4390183336
23.85,15.460883318
23.86,15.4827573859
23.87,15.5046404994
23.88,15.5265326233
23.89,15.5484337169
23.9,15.5703437463
23.91,15.5922626743
23.92,15.6141904583
23.93,15.6361270654
23.94,15.6580724545
23.95,15.6800265898
23.96,15.7019894344
23.97,15.7239609468
23.98,15.7459410897
23.99,15.7679298266
24,15.7899271189
24.01,15.8119329256
24.02,15.8339472143
24.03,15.8559699381
24.04,15.8780010658
24.05,15.9000405548
24.06,15.922088367
24.07,15.9441444647
24.08,15.9662088066
24.09,15.9882813584
24.1,16.0103620758
24.11,16.032450923
24.12,16.0545478588
24.13,16.0766528456
24.14,16.098765843
24.15,16.1208868116
24.16,16.1430157132
24.17,16.1651525088
24.18,16.1872971571
24.19,16.2094496175
24.2,16.2316098525
24.21,16.2537778201
24.22,16.2759534831
24.23,16.2981367981
24.24,16.3203277282
24.25,16.3425262309
24.26,16.3647322659
24.27,16.386945798
24.28,16.4091667808
24.29,16.4313951762
24.3,16.4536309438
24.31,16.4758740422
24.32,16.4981244308
24.33,16.5203820702
24.34,16.5426469187
24.35,16.5649189349
24.36,16.58719808
24.37,16.6094843105
24.38,16.6317775866
24.39,16.6540778668
24.4,16.6763851102
24.41,16.6986992746
24.42,16.7210203187
24.43,16.7433482016
24.44,16.7656828833
24.45,16.7880243194
24.47,16.8327272923
24.48,16.855088747
24.49,16.8774567883
24.5,16.8998313782
24.51,16.9222124697
24.52,16.9446000259
24.53,16.9669940027
24.54,16.989394356
24.55,17.0118010454
24.56,17.0342140302
24.57,17.0566332663
24.58,17.0790587081
24.59,17.1014903167
24.6,17.1239280476
24.61,17.1463718612
24.62,17.1688217107
24.63,17.1912775538
24.65,17.2362070565
24.66,17.2586806257
24.67,17.2811600188
24.68,17.3036451916
24.69,17.3261361003
24.7,17.3486326993
24.71,17.3711349505
24.72,17.3936428058
24.73,17.4161562228
24.74,17.4386751568
24.75,17.4611995665
24.76,17.4837294085
24.77,17.5062646342
24.78,17.5288052028
24.79,17.5513510715
24.8,17.5739021958
24.81,17.5964585297
24.82,17.6190200298
24.83,17.641586652
24.84,17.6641583505
24.85,17.6867350836
24.86,17.7093168043
24.87,17.7319034697
24.89,17.7770914551
24.9,17.7996926855
24.91,17.8222986772
24.92,17.8449093916
24.93,17.8675247804
24.94,17.8901447999
24.96,17.9353985466
24.97,17.9580321842
24.98,17.9806702705
24.99,18.0033127612
25,18.0259596086
25.01,18.0486107699
25.02,18.0712661985
25.03,18.0939258461
25.04,18.1165896687
25.05,18.1392576211
25.06,18.1619296573
25.07,18.184605731
25.08,18.2072857971
25.09,18.2299698072
25.1,18.2526577178
25.11,18.2753494803
25.12,18.2980450508
25.13,18.3207443797
25.14,18.3434474222
25.15,18.3661541334
25.16,18.3888644668
25.17,18.41157837
25.18,18.4342958045
25.19,18.4570167151
25.2,18.4797410631
25.21,18.5024687959
25.22,18.525199869
25.23,18.5479342352
25.24,18.5706718444
25.25,18.5934126526
25.26,18.6161566136
25.27,18.6389036742
25.28,18.6616537952
25.29,18.6844069229
25.3,18.7071630106
25.31,18.7299220137
25.32,18.7526838831
25.33,18.7754485704
25.34,18.798216027
25.35,18.8209862058
25.36,18.8437590597
25.37,18.8665345398
25.38,18.8893125974
25.39,18.9120931866
25.4,18.9348762563
25.41,18.9576617614
25.42,18.9804496498
25.43,19.0032398769
25.44,19.0260323933
25.45,19.0488271471
25.46,19.0716240922
25.47,19.0944231827
25.48,19.1172243667
25.49,19.1400275927
25.5,19.1628328177
25.51,19.1856399883
25.52,19.2084490585
25.53,19.2312599792
25.54,19.2540726974
25.55,19.2768871692
25.56,19.2997033403
25.57,19.3225211635
25.58,19.3453405913
25.59,19.3681615714
25.6,19.3909840556
25.61,19.4138079951
25.62,19.4366333372
25.63,19.4594600362
25.64,19.4822880394
25.65,19.5051172979
25.66,19.5279477626
25.67,19.5507793836
25.68,19.5736121092
25.69,19.596445891
25.7,19.6192806764
25.71,19.6421164175
25.72,19.6649530641
25.73,19.6877905651
25.74,19.710628868
25.75,19.7334679257
25.77,19.7791480991
25.78,19.8019891147
25.79,19.8248306799
25.8,19.8476727455
25.81,19.8705152603
25.82,19.8933581759
25.83,19.9162014364
25.84,19.9390449926
25.85,19.961888795
25.86,19.9847327925
25.87,20.0075769323
25.88,20.0304211627
25.89,20.0532654356
25.9,20.0761096955
25.91,20.0989538923
25.92,20.1217979756
25.93,20.1446418935
25.94,20.1674855952
25.95,20.1903290267
25.96,20.213172135
25.97,20.2360148738
25.98,20.2588571867
25.99,20.2816990228
26,20.3045403295
26.01,20.3273810579
26.02,20.3502211514
26.03,20.3730605601
26.04,20.3958992324
26.05,20.4187371154
26.06,20.4415741542
26.07,20.4644102998
26.08,20.4872454991
26.09,20.5100796983
26.1,20.5329128468
26.11,20.5557448885
26.12,20.5785757724
26.13,20.6014054479
26.14,20.6242338595
26.15,20.6470609553
26.16,20.6698866821
26.17,20.6927109852
26.18,20.7155338134
26.19,20.7383551157
26.2,20.7611748337
26.21,20.783992918
26.22,20.806809314
26.23,20.8296239693
26.24,20.8524368302
26.25,20.8752478413
26.26,20.8980569502
26.27,20.9208641037
26.28,20.9436692501
26.29,20.9664723314
26.3,20.9892732951
26.31,21.01207209
26.32,21.0348686587
26.33,21.0576629505
26.34,21.0804549106
26.35,21.1032444827
26.36,21.1260316138
26.37,21.1488162522
26.38,21.1715983396
26.39,21.1943778241
26.4,21.2171546524
26.41,21.2399287657
26.42,21.2627001139
26.43,21.2854686422
26.44,21.3082342935
26.45,21.3309970171
26.46,21.3537567528
26.47,21.3765134507
26.48,21.3992670508
26.49,21.4220175076
26.5,21.4447647568
26.51,21.4675087469
26.52,21.490249425
26.54,21.5357206136
26.55,21.5584510182
26.56,21.5811778862
26.57,21.6039011664
26.58,21.6266207999
26.59,21.6493367335
26.6,21.6720489104
26.61,21.6947572773
26.62,21.7174617762
26.63,21.7401623523
26.64,21.7628589495
26.65,21.7855515147
26.66,21.8082399883
26.67,21.8309243163
26.68,21.8536044448
26.69,21.8762803144
26.7,21.8989518716
26.71,21.9216190593
26.72,21.9442818227
26.73,21.9669401049
26.74,21.9895938486
26.75,22.0122429974
26.76,22.0348874965
26.77,22.0575272909
26.78,22.0801623219
26.79,22.102792535
26.8,22.1254178704
26.81,22.1480382754
26.82,22.17065369
26.83,22.1932640607
26.84,22.2158693307
26.85,22.2384694389
26.86,22.2610643359
26.87,22.2836539564
26.88,22.3062382489
26.89,22.3288171557
26.9,22.3513906224
26.91,22.3739585875
26.92,22.3965209956
26.93,22.4190777888
26.94,22.4416289101
26.95,22.4641743058
26.96,22.4867139138
26.97,22.5092476779
26.98,22.5317755427
26.99,22.5542974513
27,22.5768133408
27.01,22.5993231607
27.02,22.6218268511
27.03,22.6443243535
27.04,22.6668156087
27.05,22.6893005637
27.06,22.7117791543
27.07,22.7342513295
27.08,22.7567170269
27.09,22.7791761908
27.1,22.8016287607
27.11,22.8240746835
27.12,22.8465138967
27.13,22.8689463433
27.14,22.8913719662
27.15,22.9137907072
27.16,22.9362025082
27.17,22.9586073105
27.18,22.981005056
27.19,23.003395683
27.2,23.02577914
27.21,23.0481553648
27.22,23.0705242975
27.23,23.0928858822
27.24,23.1152400601
27.25,23.1375867711
27.26,23.1599259576
27.27,23.1822575611
27.28,23.204581522
27.29,23.2268977829
27.3,23.249206284
27.31,23.2715069663
27.32,23.2937997715
27.33,23.3160846408
27.34,23.338361517
27.35,23.3606303362
27.36,23.3828910451
27.37,23.4051435783
27.38,23.4273878816
27.39,23.4496238956
27.4,23.4718515594
27.41,23.4940708129
27.42,23.5162815996
27.43,23.538483859
27.44,23.5606775306
27.45,23.5828625557
27.46,23.6050388758
27.47,23.6272064327
27.48,23.6493651619
27.49,23.6715150072
27.5,23.6936559102
27.51,23.7157878075
27.52,23.7379106435
27.53,23.7600243559
27.54,23.7821288839
27.55,23.8042241729
27.56,23.8263101589
27.57,23.8483867799
27.58,23.8704539812
27.59,23.8925116998
27.6,23.9145598762
27.61,23.936598451
27.62,23.9586273613
27.63,23.9806465527
27.64,24.0026559612
27.65,24.024655527
27.66,24.0466451897
27.67,24.06862489
27.68,24.0905945656
27.69,24.1125541589
27.7,24.1345036073
27.71,24.1564428529
27.72,24.1783718329
27.73,24.2002904889
27.74,24.2221987568
27.75,24.2440965828
27.76,24.2659838999
27.77,24.2878606475
27.78,24.3097267697
27.79,24.3315822028
27.8,24.3534268865
27.81,24.3752607622
27.82,24.3970837645
27.83,24.4188958358
27.84,24.4406969148
27.85,24.4624869408
27.86,24.4842658541
27.87,24.50603359
27.88,24.5277900914
27.89,24.5495352955
27.9,24.5712691405
27.91,24.5929915695
27.92,24.614702516
27.93,24.6364019211
27.94,24.6580897236
27.95,24.6797658651
27.96,24.701430278
27.97,24.7230829072
27.98,24.7447236889
27.99,24.7663525623
28,24.787969465
28.01,24.8095743382
28.02,24.831167115
28.03,24.8527477409
28.04,24.8743161505
28.05,24.8958722841
28.06,24.9174160778
28.07,24.938947472
28.08,24.9604664062
28.09,24.9819728152
28.1,25.0034666378
28.11,25.0249478174
28.12,25.0464162883
28.13,25.0678719874
28.14,25.0893148565
28.15,25.1107448311
28.16,25.1321618519
28.17,25.1535658557
28.18,25.1749567793
28.19,25.1963345643
28.2,25.2176991443
28.21,25.2390504632
28.22,25.2603884546
28.23,25.2817130569
28.24,25.3030242078
28.25,25.3243218501
28.26,25.3456059161
28.27,25.3668763454
28.28,25.3881330764
28.29,25.4093760483
28.3,25.4306051954
28.31,25.4518204582
28.32,25.4730217742
28.33,25.4942090804
28.34,25.5153823161
28.35,25.5365414188
28.36,25.5576863242
28.37,25.5788169697
28.38,25.5999332973
28.39,25.6210352419
28.4,25.6421227389
28.41,25.663195731
28.42,25.6842541527
28.43,25.7052979389
28.44,25.7263270328
28.45,25.7473413682
28.46,25.7683408859
28.48,25.8102952059
28.49,25.8312498872
28.5,25.8521894977
28.51,25.873113977
28.52,25.89402326
28.53,25.9149172855
28.54,25.9357959889
28.55,25.9566593107
28.56,25.9775071864
28.57,25.9983395545
28.58,26.0191563499
28.59,26.0399575107
28.6,26.0607429756
28.61,26.0815126796
28.62,26.1022665624
28.63,26.1230045596
28.64,26.1437266106
28.65,26.1644326496
28.66,26.1851226136
28.67,26.2057964431
28.68,26.2264540712
28.69,26.2470954396
28.7,26.2677204807
28.71,26.2883291348
28.72,26.3089213376
28.73,26.3294970255
28.74,26.3500561372
28.75,26.3705986076
28.76,26.3911243768
28.77,26.4116333786
28.78,26.4321255508
28.79,26.4526008321
28.8,26.4730591588
28.81,26.4935004657
28.82,26.5139246917
28.83,26.5343317733
28.84,26.5547216473
28.85,26.5750942514
28.86,26.595449521
28.87,26.6157873922
28.89,26.6564106944
28.9,26.6766959976
28.91,26.6969636509
28.92,26.7172135927
28.93,26.7374457571
28.94,26.7576600813
28.95,26.7778565051
28.96,26.7980349623
28.97,26.8181953905
28.98,26.8383377261
28.99,26.8584619065
29,26.8785678683
29.01,26.8986555479
29.02,26.9187248832
29.03,26.9387758088
29.04,26.9588082619
29.05,26.9788221827
29.06,26.9988175015
29.07,27.018794161
29.08,27.0387520934
29.09,27.058691239
29.1,27.0786115318
29.11,27.0985129107
29.12,27.1183953102
29.13,27.1382586668
29.14,27.1581029185
29.15,27.1779280022
29.16,27.1977338531
29.17,27.2175204091
29.18,27.2372876071
29.19,27.2570353819
29.2,27.2767636714
29.21,27.2964724132
29.22,27.3161615415
29.23,27.3358309937
29.24,27.3554807076
29.25,27.3751106186
29.26,27.3947206636
29.27,27.4143107791
29.28,27.4338809013
29.29,27.4534309678
29.3,27.4729609154
29.31,27.4924706792
29.32,27.5119601972
29.33,27.5314294054
29.36,27.5897145359
29.37,27.6091018707
29.38,27.6284685776
29.39,27.6478145959
29.41,27.6864443056
29.42,27.7057278707
29.43,27.7249904924
29.44,27.744232106
29.45,27.7634526511
29.46,27.7826520606
29.47,27.801830272
29.48,27.8209872227
29.49,27.8401228493
29.5,27.8592370887
29.51,27.8783298758
29.52,27.8974011483
29.53,27.9164508449
29.54,27.9354788976
29.55,27.9544852478
29.56,27.9734698298
29.57,27.9924325801
29.58,28.0113734346
29.59,28.0302923313
29.6,28.0491892084
29.61,28.0680640014
29.62,28.0869166427
29.63,28.1057470751
29.64,28.1245552333
29.66,28.1621044707
29.67,28.1808454237
29.68,28.1995638506
29.69,28.2182596847
29.7,28.2369328648
29.71,28.255583327
29.72,28.2742110087
29.73,28.292815849
29.74,28.3113977788
29.75,28.32995674
29.76,28.3484926669
29.77,28.3670054971
29.78,28.385495166
29.79,28.4039616126
29.8,28.4224047736
29.81,28.440824583
29.82,28.4592209819
29.83,28.4775939036
29.84,28.4959432864
29.85,28.5142690674
29.86,28.5325711837
29.87,28.5508495728
29.89,28.5873349122
29.9,28.6055417364
29.91,28.6237245813
29.94,28.6781286055
29.95,28.6962148991
29.96,28.714276897
29.97,28.7323145378
29.98,28.7503277572
29.99,28.768316494
30,28.7862806833
30.01,28.8042202626
30.02,28.8221351693
30.03,28.8400253411
30.04,28.8578907154
30.05,28.8757312281
30.06,28.8935468163
30.07,28.9113374182
30.08,28.9291029727
30.09,28.9468434156
30.1,28.9645586816
30.11,28.9822487119
30.12,28.9999134418
30.13,29.0175528087
30.14,29.0351667522
30.15,29.0527552057
30.16,29.0703181107
30.17,29.0878554023
30.18,29.1053670197
30.19,29.1228528968
30.2,29.1403129762
30.21,29.1577471911
30.22,29.1751554802
30.23,29.192537782
30.24,29.2098940344
30.25,29.227224174
30.27,29.2618058674
30.28,29.2790572946
30.29,29.2962823615
30.3,29.3134810044
30.31,29.3306531611
30.32,29.3477987686
30.33,29.3649177684
30.34,29.3820100925
30.35,29.3990756818
30.36,29.416114474
30.37,29.4331264096
30.39,29.4670694518
30.4,29.4840004371
30.41,29.5009043156
30.42,29.5177810249
30.43,29.5346305023
30.44,29.5514526889
30.45,29.5682475191
30.46,29.5850149335
30.47,29.6017548708
30.48,29.6184672672
30.49,29.6351520626
30.5,29.6518091935
30.51,29.6684385996
30.52,29.6850402192
30.53,29.7016139912
30.54,29.7181598532
30.55,29.7346777435
30.56,29.7511675999
30.57,29.7676293637
30.58,29.7840629712
30.59,29.8004683598
30.6,29.8168454733
30.61,29.8331942439
30.62,29.8495146154
30.63,29.8658065218
30.64,29.8820699065
30.65,29.8983047059
30.66,29.914510858
30.67,29.9306883043
30.68,29.9468369807
30.69,29.9629568277
30.7,29.9790477865
30.71,29.9951097913
30.72,30.0111427848
30.73,30.0271467038
30.74,30.0431214904
30.75,30.0590670808
30.76,30.0749834153
30.77,30.0908704336
30.78,30.1067280745
30.79,30.1225562757
30.8,30.1383549786
30.81,30.1541241226
30.82,30.1698636467
30.83,30.1855734911
30.84,30.2012535921
30.85,30.2169038959
30.86,30.2325243329
30.87,30.2481148502
30.88,30.2636753841
30.89,30.2792058754
30.9,30.2947062633
30.91,30.310176489
30.92,30.3256164921
30.93,30.3410262084
30.94,30.3564055825
30.95,30.3717545522
30.97,30.4023610396
30.98,30.4176184389
30.99,30.4328451946
31,30.4480412469
31.01,30.4632065372
31.02,30.4783410026
31.03,30.4934445852
31.04,30.5085172261
31.05,30.5235588659
31.06,30.5385694447
31.07,30.5535489019
31.08,30.5684971786
31.09,30.5834142162
31.1,30.598299955
31.11,30.6131543344
31.12,30.627977297
31.13,30.642768784
31.14,30.6575287329
31.15,30.6722570863
31.16,30.6869537879
31.17,30.7016187745
31.18,30.7162519894
31.19,30.7308533743
31.2,30.745422867
31.21,30.7599604122
31.22,30.7744659496
31.23,30.7889394203
31.24,30.8033807676
31.25,30.8177899312
31.26,30.8321668526
31.28,30.8608237334
31.29,30.8751035763
31.3,30.889350945
31.32,30.9177480196
31.33,30.931897609
31.34,30.9460144917
31.35,30.9600986085
31.36,30.9741498995
31.37,30.9881683074
31.38,31.0021537739
31.39,31.0161062438
31.4,31.0300256557
31.41,31.0439119536
31.42,31.0577650807
31.43,31.0715849778
31.44,31.0853715885
31.45,31.0991248542
31.46,31.1128447188
31.47,31.1265311235
31.48,31.1401840112
31.49,31.1538033259
31.5,31.1673890089
31.51,31.1809410038
31.52,31.1944592533
31.53,31.2079436998
31.54,31.2213942878
31.55,31.2348109591
31.56,31.2481936563
31.57,31.2615423257
31.58,31.2748569067
31.6,31.3013835813
31.61,31.3145955627
31.62,31.3277732313
31.63,31.3409165305
31.64,31.3540254027
31.65,31.3670997936
31.66,31.3801396464
31.67,31.3931449048
31.68,31.4061155116
31.69,31.4190514121
31.7,31.4319525495
31.71,31.4448188699
31.72,31.4576503141
31.73,31.4704468292
31.74,31.4832083578
31.75,31.4959348457
31.76,31.5086262356
31.77,31.521282474
31.78,31.5339035023
31.79,31.546489268
31.8,31.5590397161
31.81,31.5715547897
31.82,31.5840344344
31.83,31.5964785944
31.84,31.6088872148
31.85,31.621260241
31.86,31.6335976191
31.87,31.6458992919
31.88,31.6581652063
31.89,31.6703953072
31.9,31.6825895422
31.91,31.6947478528
31.92,31.7068701875
31.93,31.7189564894
31.94,31.731006706
31.95,31.7430207821
31.96,31.7549986656
31.97,31.7669402999
31.98,31.7788456322
31.99,31.7907146082
32,31.8025471736
32.01,31.8143432775
32.02,31.8261028613
32.03,31.8378258749
32.04,31.8495122623
32.05,31.861161973
32.06,31.8727749514
32.07,31.8843511447
32.08,31.8958904989
32.09,31.9073929627
32.12,31.9416784709
32.13,31.9530328377
32.14,31.9643500469
32.15,31.9756300481
32.16,31.9868727876
32.17,31.9980782122
32.18,32.0092462684
32.19,32.0203769074
32.2,32.0314700736
32.21,32.0425257159
32.22,32.0535437827
32.23,32.0645242217
32.24,32.07546698
32.25,32.0863720061
32.26,32.0972392488
32.27,32.1080686546
32.28,32.1188601744
32.29,32.1296137557
32.3,32.1403293459
32.32,32.1616463467
32.33,32.1722476564
32.34,32.1828107701
32.35,32.1933356383
32.36,32.2038222078
32.37,32.2142704287
32.38,32.22468025
32.39,32.2350516205
32.4,32.24538449
32.41,32.2556788078
32.42,32.2659345243
32.43,32.276151588
32.44,32.2863299492
32.45,32.2964695568
32.46,32.3065703619
32.47,32.3166323115
32.48,32.3266553595
32.49,32.3366394549
32.5,32.3465845475
32.51,32.3564905869
32.52,32.3663575232
32.53,32.3761853097
32.54,32.3859738939
32.55,32.3957232265
32.56,32.4054332614
32.57,32.4151039465
32.58,32.4247352325
32.59,32.4343270739
32.6,32.4438794178
32.61,32.4533922182
32.62,32.4628654234
32.63,32.4722989884
32.64,32.4816928626
32.65,32.4910469976
32.66,32.5003613451
32.67,32.5096358575
32.68,32.518870487
32.69,32.5280651842
32.7,32.5372199016
32.71,32.5463345924
32.72,32.5554092074
32.73,32.5644436997
32.74,32.573438022
32.75,32.582392126
32.76,32.5913059654
32.77,32.600179492
32.78,32.6090126591
32.79,32.6178054196
32.8,32.6265577261
32.81,32.635269531
32.82,32.6439407901
32.83,32.652571455
32.84,32.6611614793
32.85,32.6697108159
32.86,32.6782194194
32.87,32.6866872431
32.88,32.6951142398
32.89,32.7035003658
32.9,32.7118455733
32.91,32.7201498176
32.92,32.7284130511
32.93,32.7366352295
32.94,32.7448163068
32.95,32.7529562384
32.96,32.7610549781
32.97,32.7691124803
32.98,32.7771287003
32.99,32.7851035942
33,32.7930371141
33.01,32.8009292178
33.02,32.8087798601
33.03,32.8165889947
33.04,32.8243565805
33.05,32.8320825676
33.06,32.8397669181
33.07,32.8474095825
33.08,32.8550105204
33.09,32.8625696845
33.1,32.8700870336
33.11,32.8775625241
33.13,32.8923877477
33.14,32.8997373954
33.15,32.9070450098
33.16,32.9143105476
33.17,32.9215339651
33.18,32.928715218
33.19,32.935854265
33.2,32.9429510637
33.21,32.9500055701
33.22,32.9570177426
33.23,32.963987538
33.24,32.9709149139
33.25,32.9777998286
33.26,32.9846422396
33.27,32.9914421051
33.29,33.0049140318
33.3,33.0115860082
33.31,33.018215273
33.32,33.0248017842
33.33,33.0313454986
33.34,33.0378463771
33.35,33.0443043771
33.36,33.0507194584
33.37,33.0570915799
33.38,33.0634207003
33.39,33.0697067796
33.4,33.0759497774
33.41,33.0821496531
33.42,33.0883063662
33.43,33.0944198755
33.44,33.1004901424
33.45,33.1065171264
33.46,33.1125007879
33.47,33.1184410863
33.48,33.1243379835
33.49,33.1301914376
33.5,33.136001412
33.51,33.1417678654
33.52,33.1474907597
33.53,33.153170055
33.54,33.1588057137
33.55,33.1643976958
33.56,33.1699459634
33.57,33.1754504774
33.59,33.1863280915
33.6,33.1917011142
33.61,33.1970302315
33.62,33.2023154044
33.63,33.2075565947
33.64,33.2127537656
33.65,33.2179068784
33.66,33.2230158972
33.67,33.2280807829
33.68,33.2331014997
33.69,33.2380780102
33.7,33.2430102768
33.71,33.2478982624
33.72,33.252741932
33.73,33.2575412475
33.74,33.2622961729
33.75,33.2670066717
33.76,33.2716727082
33.77,33.2762942461
33.78,33.2808712491
33.79,33.2854036813
33.8,33.2898915076
33.81,33.2943346928
33.82,33.2987331994
33.83,33.303086994
33.84,33.307396041
33.85,33.3116603045
33.86,33.3158797511
33.87,33.3200543441
33.88,33.3241840505
33.89,33.3282688355
33.9,33.3323086632
33.91,33.3363035009
33.92,33.3402533146
33.93,33.3441580685
33.94,33.3480177301
33.95,33.3518322651
33.96,33.3556016405
33.97,33.3593258223
33.98,33.3630047771
33.99,33.3666384716
34,33.3702268728
34.01,33.3737699474
34.02,33.3772676624
34.03,33.3807199869
34.04,33.3841268865
34.05,33.3874883289
34.06,33.3908042827
34.07,33.3940747142
34.08,33.3972995931
34.09,33.4004788862
34.11,33.4067005904
34.12,33.4097429372
34.13,33.4127395727
34.14,33.4156904652
34.15,33.4185955841
34.16,33.4214548987
34.17,33.4242683768
34.18,33.4270359886
34.19,33.4297577036
34.2,33.4324334905
34.21,33.4350633205
34.22,33.437647163
34.23,33.4401849867
34.24,33.4426767636
34.25,33.4451224625
34.26,33.4475220548
34.27,33.4498755103
34.28,33.4521828006
34.29,33.454443896
34.3,33.4566587672
34.31,33.458827386
34.32,33.4609497234
34.33,33.4630257507
34.34,33.4650554391
34.35,33.4670387608
34.36,33.4689756871
34.37,33.4708661903
34.38,33.4727102427
34.39,33.4745078164
34.4,33.4762588837
34.41,33.4779634169
34.42,33.4796213895
34.43,33.4812327736
34.44,33.482797542
34.45,33.4843156683
34.46,33.485787126
34.47,33.4872118879
34.48,33.4885899276
34.49,33.4899212193
34.5,33.4912057362
34.52,33.4936343425
34.53,33.4947783805
34.54,33.49587554
34.55,33.4969257972
34.56,33.4979291253
34.57,33.4988855003
34.58,33.4997948966
34.59,33.5006572893
34.6,33.5014726535
34.61,33.5022409658
34.62,33.5029622007
34.64,33.5042633416
34.66,33.5053758856
34.68,33.5062996415
34.69,33.5066906657
34.71,33.5073308897
34.72,33.5075800437
34.73,33.5077818623
34.74,33.5079363219
34.75,33.5080434013
34.78,33.5080801317
34.79,33.5079974656
34.8,33.5078673098
34.81,33.5076896408
34.82,33.5074644388
34.84,33.5068713471
34.85,33.5065034168
34.86,33.5060878682
34.87,33.505624682
34.88,33.5051138361
34.89,33.504555311
34.9,33.5039490873
34.91,33.5032951435
34.92,33.5025934603
34.93,33.5018440192
34.94,33.5010467987
34.96,33.4993089454
34.97,33.4983682751
34.98,33.4973797487
34.99,33.4963433488
35,33.4952590569
35.01,33.4941268533
35.02,33.4929467211
35.03,33.4917186413
35.05,33.4891185688
35.06,33.4877465403
35.07,33.4863264939
35.08,33.4848584116
35.09,33.4833422766
35.1,33.481778072
35.11,33.4801657808
35.12,33.4785053866
35.13,33.476796872
35.15,33.4732354188
35.16,33.4713824473
35.17,33.4694812916
35.18,33.4675319359
35.19,33.4655343645
35.2,33.463488562
35.21,33.461394513
35.22,33.4592522028
35.23,33.4570616164
35.24,33.4548227385
35.25,33.4525355549
35.26,33.4502000516
35.27,33.447816213
35.28,33.4453840268
35.3,33.4403745523
35.31,33.4377972367
35.32,33.4351715183
35.33,33.4324973831
35.34,33.4297748178
35.35,33.4270038099
35.36,33.4241843463
35.37,33.4213164148
35.38,33.4184000024
35.39,33.415435097
35.4,33.4124216866
35.41,33.4093597592
35.42,33.4062493024
35.44,33.3998827567
35.45,33.3966266442
35.46,33.3933219572
35.47,33.389968685
35.48,33.3865668164
35.49,33.3831163408
35.5,33.3796172482
35.51,33.3760695275
35.52,33.3724731691
35.53,33.3688281631
35.54,33.3651344991
35.55,33.3613921682
35.56,33.3576011605
35.57,33.3537614666
35.58,33.3498730778
35.59,33.3459359848
35.6,33.3419501792
35.61,33.3379156519
35.62,33.3338323947
35.63,33.3297003993
35.64,33.3255196575
35.65,33.3212901615
35.66,33.3170119031
35.68,33.3083090711
35.7,33.2994111016
35.71,33.2948889229
35.72,33.290317939
35.73,33.2856981437
35.74,33.2810295303
35.75,33.2763120926
35.76,33.2715458246
35.77,33.2667307206
35.78,33.2618667744
35.79,33.2569539812
35.8,33.2519923353
35.81,33.2469818311
35.82,33.2419224639
35.83,33.2368142289
35.84,33.2316571215
35.85,33.2264511371
35.86,33.2211962716
35.87,33.2158925205
35.88,33.2105398801
35.89,33.2051383463
35.9,33.199687916
35.91,33.1941885849
35.92,33.1886403506
35.93,33.1830432096
35.94,33.1773971592
35.95,33.1717021964
35.96,33.1659583186
35.97,33.1601655236
35.98,33.1543238091
36,33.1424936139
36.01,33.1365051294
36.02,33.1304677185
36.03,33.1243813795
36.04,33.1182461115
36.05,33.1120619135
36.06,33.1058287845
36.08,33.0932157319
36.09,33.0868358073
36.1,33.0804069506
36.11,33.0739291615
36.13,33.0608267883
36.14,33.0542022048
36.15,33.0475286915
36.16,33.040806249
36.17,33.0340348786
36.18,33.0272145816
36.19,33.0203453595
36.2,33.0134272141
36.22,32.9994441606
36.23,32.9923792569
36.24,32.9852654385
36.25,32.9781027079
36.26,32.9708910678
36.27,32.9636305214
36.28,32.9563210714
36.29,32.9489627216
36.3,32.9415554752
36.31,32.934099336
36.32,32.9265943077
36.34,32.9114376007
36.35,32.9037859305
36.36,32.8960853887
36.37,32.8883359799
36.38,32.8805377091
36.39,32.8726905813
36.4,32.8647946021
36.41,32.8568497768
36.42,32.8488561112
36.43,32.840813611
36.44,32.8327222824
36.45,32.8245821315
36.46,32.8163931648
36.47,32.8081553888
36.5,32.7831492742
36.51,32.7747163309
36.53,32.7577041314
36.54,32.7491248909
36.55,32.7404969004
36.56,32.7318201683
36.57,32.723094703
36.59,32.7054976074
36.6,32.6966259949
36.63,32.6697190092
36.64,32.660652663
36.65,32.6515376577
36.66,32.6423740034
36.67,32.6331617103
36.69,32.6145912501
36.7,32.6052331043
36.72,32.5863710368
36.73,32.5768671375
36.74,32.5673146767
36.75,32.5577136661
36.76,32.5480641176
36.77,32.5383660434
36.78,32.5286194557
36.79,32.5188243672
36.8,32.5089807905
36.81,32.4990887385
36.82,32.4891482243
36.83,32.479159261
36.84,32.4691218623
36.86,32.4489018128
36.87,32.43871919
36.89,32.4182088192
36.9,32.4078811001
36.91,32.3975050448
36.92,32.3870806683
36.93,32.3766079857
36.94,32.3660870123
36.95,32.3555177637
36.96,32.3449002556
36.97,32.3342345037
36.98,32.3235205243
36.99,32.3127583335
37,32.3019479478
37.01,32.2910893839
37.02,32.2801826585
37.03,32.2692277887
37.04,32.2582247917
37.05,32.2471736849
37.06,32.2360744858
37.07,32.2249272124
37.08,32.2137318824
37.09,32.2024885141
37.1,32.1911971256
37.11,32.1798577358
37.12,32.1684703632
37.13,32.1570350267
37.14,32.1455517454
37.15,32.1340205387
37.16,32.1224414259
37.17,32.1108144268
37.18,32.0991395611
37.19,32.0874168491
37.21,32.0638279666
37.23,32.0400479437
37.24,32.0280863066
37.25,32.0160769473
37.26,32.0040198871
37.27,31.9919151475
37.28,31.9797627507
37.29,31.9675627181
37.31,31.9430198349
37.32,31.9306770291
37.33,31.9182866772
37.34,31.9058488027
37.35,31.8933634279
37.36,31.8808305765
37.37,31.868250272
37.38,31.8556225379
37.39,31.8429473981
37.4,31.8302248766
37.41,31.8174549975
37.42,31.8046377856
37.43,31.7917732653
37.44,31.7788614614
37.45,31.7659023988
37.46,31.7528961028
37.47,31.7398425987
37.48,31.7267419123
37.49,31.7135940688
37.5,31.7003990947
37.51,31.6871570161
37.52,31.6738678588
37.53,31.66053165
37.54,31.647148416
37.55,31.6337181836
37.58,31.5931457695
37.59,31.5795278175
37.6,31.5658630044
37.61,31.5521513584
37.63,31.5245876818
37.64,31.5107357078
37.65,31.4968370153
37.66,31.4828916326
37.67,31.4688995901
37.69,31.4407756409
37.7,31.4266437936
37.71,31.4124654049
37.72,31.3982405043
37.73,31.3839691224
37.74,31.36965129
37.75,31.3552870374
37.76,31.340876396
37.77,31.3264193965
37.79,31.2973664488
37.81,31.2681284472
37.82,31.2534401312
37.83,31.2387056478
37.84,31.2239250295
37.85,31.2090983091
37.86,31.1942255194
37.87,31.1793066931
37.88,31.1643418639
37.89,31.149331065
37.9,31.1342743298
37.91,31.1191716924
37.92,31.1040231863
37.93,31.0888288465
37.94,31.0735887069
37.95,31.058302802
37.96,31.0429711664
37.98,31.0121708441
37.99,30.9967022274
38,30.981188021
38.01,30.965628261
38.02,30.9500229828
38.03,30.9343722228
38.04,30.9186760168
38.05,30.9029344021
38.06,30.8871474148
38.07,30.8713150917
38.08,30.8554374699
38.09,30.8395145867
38.1,30.8235464797
38.11,30.8075331865
38.12,30.7914747443
38.13,30.775371192
38.14,30.7592225669
38.15,30.743028908
38.16,30.7267902539
38.17,30.7105066427
38.18,30.694178114
38.19,30.6778047066
38.2,30.6613864601
38.21,30.6449234138
38.22,30.6284156075
38.23,30.6118630811
38.24,30.5952658744
38.25,30.5786240281
38.26,30.5619375829
38.27,30.5452065789
38.28,30.5284310568
38.29,30.5116110582
38.3,30.4947466244
38.31,30.4778377963
38.32,30.4608846155
38.33,30.4438871246
38.34,30.4268453645
38.35,30.4097593783
38.36,30.3926292081
38.37,30.3754548958
38.38,30.358236485
38.39,30.3409740183
38.4,30.3236675395
38.41,30.3063170906
38.42,30.2889227163
38.43,30.2714844595
38.44,30.2540023643
38.45,30.236476475
38.46,30.218906836
38.47,30.201293491
38.48,30.1836364854
38.49,30.1659358641
38.5,30.1481916715
38.51,30.1304039532
38.52,30.1125727541
38.53,30.0946981209
38.54,30.0767800983
38.55,30.0588187328
38.56,30.0408140698
38.57,30.0227661568
38.58,30.0046750398
38.59,29.9865407652
38.6,29.9683633804
38.61,29.950142932
38.63,29.9135730347
38.64,29.8952236809
38.65,29.876831454
38.66,29.8583964022
38.67,29.8399185736
38.69,29.8028347792
38.7,29.7842289113
38.71,29.7655804611
38.73,29.7281560115
38.74,29.7093801108
38.75,29.6905618258
38.76,29.671701206
38.78,29.6338531642
38.8,29.5958363881
38.81,29.5767648511
38.82,29.5576512832
38.83,29.5384957353
38.84,29.5192982589
38.85,29.5000589058
38.86,29.4807777268
38.87,29.4614547753
38.88,29.4420901019
38.89,29.4226837602
38.9,29.4032358019
38.91,29.3837462798
38.92,29.3642152473
38.94,29.325028862
38.95,29.3053736154
38.96,29.2856770721
38.97,29.2659392849
38.98,29.2461603081
38.99,29.2263401959
39,29.2064790029
39.01,29.1865767818
39.02,29.16663359
39.04,29.1266245087
39.05,29.1065587305
39.06,29.0864522013
39.07,29.0663049761
39.08,29.0461171108
39.09,29.0258886618
39.11,28.9853102369
39.12,28.9649603737
39.13,28.9445701528
39.14,28.92413963
39.15,28.9036688638
39.16,28.8831579104
39.18,28.8420156721
39.19,28.8213845033
39.2,28.800713379
39.21,28.780002356
39.23,28.7384608505
39.24,28.7176304847
39.26,28.6758508221
39.27,28.6549016437
39.28,28.6339129794
39.29,28.6128848892
39.3,28.591817432
39.32,28.5495646595
39.33,28.5283794648
39.34,28.5071551438
39.35,28.4858917591
39.36,28.46458937
39.37,28.4432480377
39.38,28.4218678245
39.39,28.4004487906
39.41,28.3574945088
39.42,28.3359593845
39.44,28.2927734791
39.45,28.2711228234
39.46,28.2494337818
39.47,28.2277064174
39.48,28.2059407929
39.49,28.184136972
39.5,28.1622950184
39.51,28.1404149943
39.52,28.1184969643
39.53,28.0965409925
39.54,28.0745471418
39.55,28.0525154773
39.56,28.0304460631
39.57,28.0083389646
39.58,27.9861942449
39.6,27.9417922045
39.61,27.9195350144
39.62,27.8972404646
39.63,27.8749086206
39.64,27.8525395478
39.7,27.7175470224
39.71,27.6949192081
39.72,27.6722546977
39.73,27.6495535585
39.74,27.626815858
39.75,27.604041664
39.76,27.581231044
39.77,27.558384067
39.78,27.5355008001
39.79,27.5125813122
39.8,27.4896256711
39.81,27.4666339466
39.82,27.4436062077
39.84,27.3974429582
39.85,27.3743075889
39.86,27.3511364799
39.87,27.3279297031
39.88,27.3046873276
39.89,27.2814094233
39.9,27.2580960615
39.91,27.2347473115
39.92,27.2113632437
39.94,27.1644894395
39.95,27.1409998447
39.96,27.1174752163
39.97,27.0939156256
39.99,27.0466918427
40,27.0230277952
40.01,26.9993290718
40.02,26.9755957461
40.03,26.9518278886
40.04,26.9280255734
40.05,26.9041888733
40.07,26.8564126069
40.08,26.8324731872
40.09,26.8084996747
40.1,26.7844921419
40.11,26.7604506632
40.12,26.7363753125
40.13,26.7122661636
40.14,26.6881232908
40.15,26.6639467674
40.16,26.6397366691
40.17,26.6154930701
40.19,26.5669056685
40.21,26.518185163
40.22,26.4937751844
40.23,26.469332157
40.26,26.395805533
40.27,26.3712310645
40.28,26.3466239272
40.29,26.3219841967
40.3,26.2973119505
40.31,26.2726072639
40.32,26.2478702158
40.33,26.2231008817
40.34,26.1982993401
40.35,26.1734656677
40.36,26.1485999428
40.38,26.0987726442
40.39,26.0738112278
40.4,26.0488180706
40.41,26.0237932501
40.42,25.9987368453
40.43,25.973648936
40.44,25.9485296006
40.45,25.9233789176
40.46,25.8981969661
40.47,25.8729838251
40.49,25.8224642954
40.5,25.7971580661
40.51,25.7718209652
40.52,25.7464530751
40.53,25.7210544747
40.54,25.6956252448
40.56,25.6446752192
40.57,25.6191545842
40.58,25.5936036422
40.59,25.5680224757
40.6,25.5424111647
40.61,25.5167697911
40.62,25.4910984347
40.63,25.4653971806
40.64,25.4396661081
40.65,25.4139052992
40.66,25.3881148376
40.67,25.3622948042
40.68,25.3364452818
40.71,25.2587206088
40.72,25.2327539584
40.73,25.2067582337
40.74,25.1807335174
40.75,25.154679893
40.76,25.1285974454
40.77,25.1024862561
40.78,25.0763464117
40.81,24.9977557775
40.82,24.9715021474
40.83,24.9452202821
40.84,24.9189102664
40.85,24.8925721865
40.87,24.8398121683
40.88,24.8133904012
40.89,24.7869409097
40.9,24.7604637789
40.91,24.7339590955
40.92,24.7074269438
40.94,24.654280581
40.95,24.6276665438
40.96,24.6010253826
40.97,24.5743571855
40.98,24.5476620395
40.99,24.5209400294
41,24.4941912439
41.01,24.4674157692
41.02,24.4406136929
41.03,24.4137851019
41.04,24.3869300851
41.06,24.3331411199
41.07,24.3062073474
41.08,24.2792474991
41.09,24.2522616641
41.1,24.2252499285
41.11,24.1982123828
41.12,24.1711491149
41.14,24.1169457652
41.15,24.0898058623
41.17,24.0354500429
41.18,24.0082343066
41.19,23.9809934705
41.2,23.9537276251
41.22,23.8991212637
41.24,23.8444159404
41.26,23.7896123783
41.27,23.7621739834
41.28,23.7347112995
41.31,23.6521784231
41.33,23.5970367282
41.34,23.5694302212
41.35,23.5418000627
41.36,23.5141463444
41.38,23.4587685955
41.39,23.4310447486
41.4,23.4032977085
41.41,23.3755275689
41.42,23.3477344216
41.43,23.3199183588
41.44,23.292079472
41.45,23.2642178557
41.46,23.2363336018
41.47,23.2084268035
41.48,23.1804975524
41.49,23.1525459423
41.5,23.1245720678
41.51,23.0965760193
41.52,23.068557894
41.54,23.0124557795
41.56,22.9562664745
41.57,22.9281393601
41.58,22.8999907296
41.6,22.8436292987
41.61,22.8154166875
41.62,22.7871829372
41.63,22.7589281442
41.64,22.7306524025
41.65,22.7023558065
41.66,22.6740384527
41.67,22.645700435
41.68,22.6173418488
41.69,22.5889627882
41.7,22.5605633522
41.72,22.5037037272
41.73,22.4752437325
41.74,22.4467637408
41.75,22.4182638517
41.76,22.38974416
41.77,22.3612047608
41.78,22.3326457527
41.8,22.2754692904
41.81,22.2468520295
41.82,22.2182155456
41.83,22.1895599339
41.84,22.1608852922
41.85,22.1321917173
41.87,22.0747481561
41.89,22.0172300287
41.9,21.9884432467
41.91,21.9596381154
41.92,21.9308147333
41.93,21.9019731962
41.95,21.8442360559
41.97,21.7864274771
41.98,21.7574966451
41.99,21.728548247
42,21.699582385
42.01,21.6705991533
42.02,21.6415986534
42.03,21.6125809839
42.04,21.583546243
42.05,21.5544945285
42.06,21.5254259425
42.07,21.4963405833
42.08,21.4672385476
42.09,21.4381199374
42.11,21.3798333863
42.12,21.3506656471
42.13,21.3214817291
42.15,21.2630657618
42.16,21.2338339111
42.18,21.1753229778
42.2,21.1167497343
42.21,21.0874399983
42.22,21.0581149847
42.23,21.028774797
42.24,20.9994195328
42.26,20.9406641829
42.27,20.911264299
42.28,20.8818497443
42.31,20.7935190571
42.32,20.7640468256
42.33,20.7345604277
42.34,20.7050599669
42.35,20.6755455437
42.36,20.6460172587
42.38,20.5869195124
42.39,20.5573502542
42.42,20.4685621653
42.44,20.4093041981
42.45,20.3796557478
42.46,20.3499944583
42.47,20.3203204289
42.48,20.2906337638
42.49,20.2609345655
42.5,20.2312229372
42.52,20.1717627982
42.54,20.1122541694
42.55,20.08248193
42.56,20.0526978768
42.57,20.0229021137
42.58,19.9930947438
42.59,19.9632758693
42.6,19.9334455941
42.61,19.9036040229
42.62,19.8737512579
42.65,19.7841268387
42.66,19.7542303356
42.69,19.6644771925
42.71,19.6045897736
42.72,19.5746307788
42.73,19.5446617334
42.74,19.5146827411
42.76,19.4546953329
42.77,19.4246871262
42.78,19.3946693898
42.8,19.3346057464
42.82,19.2745052416
42.84,19.2143687109
42.85,19.1842871982
42.86,19.1541969931
42.87,19.1240982023
42.88,19.093990929
42.89,19.0638752791
42.9,19.0337513585
42.91,19.0036192707
42.92,18.9734791218
42.93,18.9433310159
42.94,18.9131750607
42.95,18.8830113599
42.96,18.8528400194
42.97,18.822661144
42.98,18.7924748394
42.99,18.7622812117
43,18.7320803666
43.02,18.6716574441
43.03,18.6414355798
43.04,18.6112069202
43.05,18.5809715714
43.07,18.5204812293
43.08,18.4902264482
43.09,18.4599654028
43.1,18.4296981952
43.11,18.3994249368
43.12,18.3691457297
43.13,18.3388606828
43.14,18.3085699
43.16,18.2479715551
43.17,18.2176642061
43.18,18.1873515457
43.19,18.1570336836
43.2,18.1267107235
43.21,18.0963827732
43.24,18.0053700457
43.25,17.9750231987
43.27,17.9143162384
43.28,17.8839563371
43.29,17.8535922994
43.3,17.8232242307
43.31,17.7928522374
43.32,17.7624764272
43.34,17.7017137815
43.35,17.6713271601
43.37,17.6105438544
43.38,17.5801473839
43.39,17.5497478444
43.41,17.488939988
43.43,17.4281211396
43.44,17.3977078602
43.45,17.3672921558
43.46,17.3368741329
43.47,17.3064538954
43.48,17.2760315544
43.49,17.2456072147
43.5,17.2151809862
43.51,17.1847529735
43.52,17.1543232852
43.53,17.123892027
43.54,17.093459309
43.55,17.063025236
43.56,17.0325899165
43.57,17.0021534574
43.58,16.9717159677
43.6,16.9108383208
43.61,16.8803983786
43.62,16.8499578348
43.63,16.8195167958
43.64,16.7890753698
43.65,16.7586336629
43.66,16.7281917842
43.67,16.6977498411
43.68,16.667307942
43.69,16.6368661906
43.7,16.6064246973
43.71,16.5759835692
43.72,16.5455429147
43.73,16.5151028394
43.75,16.454224861
43.76,16.4237871737
43.77,16.3933504934
43.78,16.362914934
43.79,16.3324805995
43.8,16.3020475981
43.81,16.2716160383
43.82,16.2411860251
43.83,16.2107576694
43.84,16.1803310774
43.86,16.1194836131
43.87,16.0890629559
43.9,15.9978145806
43.91,15.9674033457
43.92,15.9369947342
43.93,15.9065888546
43.95,15.8457857215
43.96,15.8153886829
43.97,15.7849948057
43.98,15.7546041993
44,15.6938332229
44.02,15.6330766161
44.04,15.5723352362
44.07,15.4812536027
44.08,15.4509016048
44.1,15.3902110687
44.12,15.3295392006
44.13,15.2992105335
44.14,15.2688868567
44.15,15.2385682766
44.16,15.2082548987
44.17,15.1779468308
44.18,15.1476441838
44.19,15.1173470589
44.2,15.0870555683
44.21,15.0567698174
44.22,15.0264899125
44.23,14.9962159617
44.24,14.9659480735
44.25,14.9356863528
44.26,14.9054309082
44.27,14.8751818453
44.29,14.8147032966
44.3,14.7844740251
44.31,14.7542515641
44.32,14.7240360192
44.33,14.6938275019
44.34,14.6636261144
44.35,14.6334319652
44.36,14.6032451629
44.37,14.5730658103
44.38,14.5428940186
44.39,14.5127298921
44.41,14.4524250637
44.42,14.4222845748
44.43,14.392152177
44.44,14.3620279801
44.45,14.331912089
44.46,14.3018046091
44.47,14.2717056493
44.49,14.2115337099
44.5,14.1814609439
44.51,14.1513971232
44.52,14.1213423516
44.53,14.0912967394
44.54,14.0612603877
44.55,14.0312334069
44.56,14.0012159025
44.57,13.9712079794
44.58,13.9412097432
44.59,13.9112213023
44.6,13.8812427613
44.61,13.851274226
44.64,13.7614297124
44.65,13.7315022599
44.66,13.7015853412
44.67,13.6716790634
44.68,13.6417835321
44.69,13.6118988535
44.73,13.4924707661
44.74,13.4626419288
44.75,13.4328245759
44.76,13.4030188131
44.77,13.3732247453
44.78,13.3434424779
44.79,13.3136721158
44.8,13.2839137639
44.81,13.2541675267
44.84,13.1650025564
44.85,13.1353058295
44.86,13.1056217422
44.87,13.0759503995
44.88,13.046291904
44.9,12.9870138778
44.91,12.9573945563
44.92,12.9277884999
44.93,12.8981958148
44.95,12.8390509722
44.96,12.8094990259
44.97,12.7799608643
44.99,12.7209263204
45,12.6914301449
45.01,12.6619481724
45.02,12.6324805049
45.03,12.6030272506
45.04,12.5735885067
45.08,12.4559807432
45.09,12.4266161205
45.1,12.3972666316
45.11,12.3679323792
45.12,12.3386134673
45.13,12.309309997
45.14,12.2800220735
45.15,12.2507497999
45.17,12.1922526051
45.18,12.1630278921
45.19,12.1338192359
45.2,12.1046267435
45.22,12.0462906508
45.23,12.0171472555
45.24,11.9880204306
45.26,11.9298169002
45.27,11.9007403982
45.28,11.8716808742
45.29,11.8426384299
45.3,11.8136131679
45.31,11.784605188
45.32,11.755614592
45.33,11.7266414826
45.34,11.6976859598
45.35,11.6687481255
45.36,11.6398280803
45.37,11.6109259258
45.38,11.5820417637
45.39,11.5531756915
45.4,11.5243278145
45.41,11.4954982301
45.42,11.4666870413
45.43,11.4378943464
45.44,11.409120247
45.45,11.3803648433
45.46,11.3516282357
45.47,11.3229105235
45.48,11.2942118081
45.49,11.2655321882
45.5,11.2368717646
45.51,11.2082306366
45.52,11.1796089046
45.54,11.1224240236
45.55,11.0938610759
45.56,11.0653179186
45.57,11.0367946551
45.58,11.0082913836
45.59,10.9798082021
45.6,10.9513452101
45.61,10.9229025058
45.62,10.8944801894
45.63,10.8660783582
45.65,10.809336547
45.66,10.7809967625
45.67,10.7526778575
45.68,10.7243799295
45.69,10.6961030765
45.7,10.6678473972
45.71,10.6396129882
45.72,10.6113999477
45.73,10.5832083726
45.74,10.5550383626
45.75,10.526890012
45.76,10.49876342
45.77,10.470658683
45.78,10.4425758991
45.79,10.4145151637
45.8,10.3864765746
45.81,10.3584602285
45.82,10.3304662214
45.83,10.3024946493
45.84,10.2745456107
45.85,10.2466192011
45.86,10.2187155142
45.87,10.1908346491
45.88,10.1629767006
45.89,10.1351417635
45.9,10.1073299359
45.91,10.0795413108
45.93,10.0240340539
45.94,9.99631561229
45.95,9.96862075552
45.96,9.94094957862
45.97,9.9133021753
45.98,9.88567864375
45.99,9.85807907303
46,9.83050356322
46.01,9.80295220522
46.02,9.77542509544
46.03,9.74792232587
46.04,9.72044399114
46.05,9.69299018624
46.06,9.66556100438
46.07,9.63815653949
46.08,9.61077688474
46.09,9.58342213203
46.1,9.55609237791
46.11,9.52878771182
46.12,9.50150823044
46.13,9.47425402393
46.15,9.41982181024
46.16,9.39264398798
46.17,9.36549181087
46.18,9.33836537331
46.2,9.28419007857
46.21,9.25714140903
46.24,9.17615239782
46.25,9.14920870036
46.26,9.12229147369
46.27,9.09540080964
46.28,9.06853679887
46.29,9.04169953251
46.3,9.01488910113
46.31,8.98810559473
46.32,8.96134910465
46.33,8.93461972081
46.34,8.9079175322
46.36,8.85459510339
46.37,8.82797504312
46.39,8.77481767505
46.4,8.74828054665
46.41,8.72177124145
46.42,8.69528984837
46.43,8.66883645606
46.44,8.64241115178
46.45,8.61601402515
46.46,8.58964516661
46.47,8.56330466024
46.48,8.53699259777
46.5,8.48445414929
46.51,8.45822794138
46.52,8.43203052521
46.53,8.40586199086
46.54,8.37972242388
46.55,8.35361191211
46.56,8.32753054145
46.57,8.30147840075
46.58,8.27545557368
46.59,8.24946214984
46.6,8.22349821194
46.61,8.19756384869
46.62,8.17165914661
46.64,8.11993906559
46.65,8.09412385709
46.66,8.06833865223
46.67,8.04258353505
46.68,8.0168585908
46.7,7.96549955952
46.71,7.93986564247
46.72,7.91426223732
46.73,7.88868942727
46.74,7.86314729812
46.75,7.83763593119
46.76,7.81215541391
46.77,7.78670582709
46.78,7.76128725611
46.79,7.73589978259
46.8,7.71054349012
46.81,7.68521846234
46.82,7.65992478183
46.83,7.63466253104
46.84,7.60943179277
46.85,7.58423264991
46.87,7.53392947555
46.88,7.50882560831
46.89,7.4837536643
46.9,7.45871372444
46.91,7.43370586858
46.92,7.40873018046
46.93,7.38378674035
46.94,7.3588756277
46.95,7.33399692416
46.97,7.28433706694
46.98,7.25955607341
46.99,7.23480781001
47,7.21009235666
47.01,7.18540979225
47.02,7.16076019788
47.03,7.13614365067
47.04,7.11156023219
47.05,7.08701002009
47.06,7.06249309278
47.07,7.03800953128
47.08,7.01355940987
47.09,6.98914281044
47.1,6.96475980889
47.11,6.94041048557
47.12,6.91609491464
47.13,6.89181317679
47.14,6.86756534756
47.15,6.8433515071
47.16,6.81917172805
47.17,6.79502608987
47.18,6.77091466987
47.19,6.74683754291
47.2,6.72279478536
47.21,6.69878647402
47.22,6.67481268552
47.23,6.65087349437
47.24,6.62696897691
47.25,6.60309920803
47.26,6.57926426357
47.27,6.55546421757
47.3,6.48427422319
47.31,6.46061452118
47.32,6.43699008954
47.33,6.41340100478
47.34,6.38984733772
47.35,6.36632916476
47.36,6.34284655612
47.37,6.31939958872
47.38,6.29598833314
47.39,6.27261286293
47.41,6.22596956808
47.42,6.20270188747
47.43,6.17947028169
47.44,6.15627482299
47.45,6.13311558161
47.46,6.10999262968
47.49,6.04084222364
47.5,6.01786514106
47.51,5.99492470241
47.52,5.97202097884
47.53,5.94915403823
47.54,5.92632395279
47.55,5.90353079174
47.56,5.88077462488
47.57,5.85805552054
47.58,5.83537354792
47.59,5.81272877662
47.6,5.79012127481
47.62,5.74501835653
47.63,5.722523076
47.64,5.7000653383
47.65,5.67764521117
47.66,5.65526276157
47.67,5.63291805906
47.68,5.61061116924
47.69,5.58834215869
47.7,5.56611109489
47.71,5.54391804384
47.72,5.52176307315
47.73,5.49964624768
47.74,5.47756763324
47.76,5.43352530374
47.77,5.41156171814
47.78,5.38963660667
47.8,5.34590206281
47.81,5.32409276066
47.82,5.30232218992
47.84,5.25889750061
47.85,5.23724351073
47.86,5.21562850687
47.87,5.19405255368
47.9,5.12955962771
47.91,5.108140506
47.92,5.08676074701
47.93,5.06542041503
47.94,5.04411957046
47.95,5.02285827557
47.96,5.00163659082
47.97,4.98045457811
47.98,4.9593122985
48,4.91714718185
48.01,4.89612446502
48.03,4.85419901616
48.04,4.83329640255
48.06,4.79161169803
48.07,4.77082972442
48.08,4.75008808227
48.09,4.7293868304
48.1,4.70872602587
48.11,4.68810572824
48.12,4.66752599401
48.13,4.64698688351
48.14,4.62648845146
48.15,4.60603075716
48.16,4.58561385676
48.17,4.56523780812
48.19,4.52460849028
48.2,4.50435533376
48.21,4.48414325395
48.22,4.46397230646
48.23,4.44384254751
48.24,4.42375403075
48.25,4.40370681418
48.26,4.38370094939
48.27,4.36373649415
48.28,4.34381350107
48.3,4.30409211888
48.31,4.28429383862
48.32,4.26453723642
48.33,4.24482236668
48.34,4.22514928081
48.35,4.2055180331
48.36,4.18592867686
48.37,4.16638126226
48.38,4.14687584357
48.39,4.12741247271
48.4,4.10799120029
48.41,4.0886120792
48.42,4.06927516023
48.43,4.04998049448
48.44,4.03072813233
48.45,4.01151812505
48.46,3.99235052282
48.47,3.97322537711
48.48,3.95414273607
48.49,3.93510265081
48.51,3.89715034411
48.52,3.87823822087
48.53,3.85936884987
48.55,3.82175855868
48.58,3.76566497041
48.59,3.74705312465
48.6,3.72848436736
48.61,3.70995874431
48.62,3.69147630309
48.63,3.67303708957
48.64,3.6546411504
48.66,3.61797927983
48.67,3.59971343908
48.68,3.58149105685
48.69,3.56331217614
48.7,3.54517684306
48.71,3.52708510201
48.72,3.50903699868
48.73,3.49103257418
48.74,3.47307187573
48.75,3.45515494609
48.77,3.41945256552
48.78,3.40166720167
48.79,3.38392577784
48.8,3.36622833982
48.81,3.34857492704
48.82,3.33096558214
48.83,3.31340034801
48.86,3.26096972078
48.88,3.22623727721
48.89,3.20893757068
48.9,3.1916822596
48.92,3.15730498774
48.93,3.14018310605
48.95,3.10607304708
48.96,3.08908494708
48.97,3.07214151852
48.98,3.05524280005
48.99,3.03838882936
49,3.02157964475
49.01,3.00481528228
49.02,2.98809578106
49.03,2.97142117789
49.04,2.95479150827
49.06,2.9216671195
49.07,2.90517247312
49.08,2.88872290501
49.09,2.87231845236
49.11,2.839645035
49.12,2.82337613906
49.13,2.80715249928
49.14,2.79097414872
49.15,2.77484112219
49.16,2.75875345346
49.17,2.74271117614
49.18,2.72671432511
49.19,2.71076293131
49.2,2.69485702851
49.21,2.67899665046
49.22,2.66318182822
49.23,2.6474125946
49.24,2.63168898193
49.25,2.61601102249
49.26,2.60037874602
49.27,2.58479218478
49.28,2.5692513701
49.29,2.55375633241
49.31,2.52290370959
49.32,2.50754618541
49.33,2.49223455795
49.34,2.47696885754
49.35,2.46174911402
49.36,2.44657535648
49.37,2.43144761246
49.38,2.41636591133
49.39,2.40133028146
49.4,2.38634075136
49.42,2.35650009787
49.43,2.34164903075
49.44,2.32684417236
49.45,2.31208554943
49.46,2.29737318904
49.47,2.28270711771
49.48,2.26808736085
49.49,2.25351394475
49.5,2.23898689388
49.51,2.2245062348
49.52,2.2100719924
49.53,2.19568419108
49.54,2.18134285616
49.55,2.16704801142
49.56,2.1527996807
49.57,2.13859788816
49.59,2.11033401172
49.6,2.09627197371
49.61,2.08225656742
49.62,2.06828781467
49.63,2.05436573759
49.64,2.04049035796
49.65,2.02666169862
49.66,2.01287978022
49.67,1.99914462575
49.68,1.98545625347
49.69,1.97181468663
49.7,1.95821994518
49.71,1.94467204897
49.72,1.9311710179
49.75,1.89094931655
49.76,1.877635944
49.77,1.86436953331
49.78,1.85115010377
49.79,1.83797767299
49.81,1.8117738808
49.82,1.79874255416
49.83,1.78575829779
49.84,1.77282112892
49.85,1.75993106279
49.86,1.74708811721
49.87,1.73429230757
49.88,1.72154365131
49.89,1.70884216315
49.92,1.6710208618
49.93,1.658508199
49.94,1.64604278049
49.95,1.63362461964
49.96,1.62125373042
49.97,1.60893012673
49.98,1.59665382225
49.99,1.58442483013
50,1.57224316311
