# Fig 4(b) HH reference = the author's Quartz_800nm_HHNMRP1S0p01.mx (bare 123.6 um Z-quartz, 800 nm,
# transmitted), h0 = 123.6 (cell 14), 0.01 deg. theta_deg, I_pp (a.u.)
# NOTE: 1 row(s) of the .mx that blow up (>1e5 / Indeterminate at a singular angle) are omitted -- the author's own
# cell applies Select[..., Re[#[[2]]] <= 10^5 &] before plotting; this file carries exactly the rows that Select keeps.
0,0.308244200407
0.01,0.308242202203
0.02,0.308236228919
0.03,0.308226264681
0.04,0.308212310289
0.05,0.308194366946
0.06,0.308172436166
0.07,0.308146519716
0.08,0.308116619837
0.09,0.30808273913
0.1,0.308044880199
0.11,0.308003046426
0.12,0.307957241309
0.13,0.307907468606
0.14,0.307853732842
0.15,0.30779603807
0.16,0.307734389547
0.17,0.307668792606
0.18,0.307599252453
0.19,0.307525775259
0.2,0.307448367076
0.21,0.307367034674
0.22,0.30728178551
0.23,0.307192626067
0.24,0.307099564386
0.25,0.30700260861
0.26,0.306901767542
0.27,0.306797048765
0.28,0.306688462834
0.29,0.306576017981
0.3,0.306459725115
0.31,0.306339593601
0.32,0.306215634513
0.33,0.306087858734
0.34,0.305956277711
0.35,0.305820903176
0.36,0.305681746773
0.37,0.305538821957
0.38,0.305392140885
0.39,0.305241717008
0.4,0.305087563665
0.41,0.304929695725
0.42,0.304768126764
0.43,0.304602872209
0.44,0.304433947232
0.45,0.304261367271
0.46,0.304085149044
0.47,0.303905307672
0.48,0.303721861456
0.49,0.303534827109
0.5,0.303344222399
0.51,0.303150065972
0.52,0.302952375523
0.53,0.302751170892
0.54,0.302546471165
0.55,0.302338295873
0.56,0.302126666433
0.57,0.301911602322
0.58,0.301693125455
0.59,0.301471257145
0.6,0.301246020085
0.61,0.30101743611
0.62,0.300785528699
0.63,0.300550320903
0.64,0.300311837417
0.65,0.300070101708
0.66,0.299825138735
0.67,0.299576974397
0.68,0.299325634042
0.69,0.299071144075
0.7,0.298813531123
0.71,0.2985528224
0.72,0.298289045525
0.73,0.298022228773
0.74,0.297752400428
0.75,0.297479590221
0.76,0.297203827121
0.77,0.296925141803
0.78,0.296643564304
0.79,0.296359125919
0.8,0.296071858435
0.81,0.295781793326
0.82,0.295488963758
0.83,0.295193402552
0.84,0.29489514284
0.85,0.294594218967
0.86,0.294290665671
0.87,0.293984517574
0.88,0.293675810528
0.89,0.293364580357
0.9,0.293050863779
0.91,0.292734697343
0.92,0.292416119067
0.93,0.292095166615
0.94,0.291771878763
0.95,0.291446294554
0.96,0.291118453131
0.97,0.290788394802
0.98,0.290456159933
0.99,0.290121789697
1,0.289785325016
1.01,0.289446808967
1.02,0.289106282923
1.03,0.288763790609
1.04,0.288419374872
1.05,0.288073080148
1.06,0.287724950497
1.07,0.287375030764
1.08,0.2870233667
1.09,0.286670003996
1.1,0.286314988994
1.11,0.285958368245
1.12,0.28560018913
1.13,0.285240499813
1.14,0.284879347768
1.15,0.284516781663
1.16,0.28415285124
1.17,0.283787605757
1.18,0.283421095157
1.19,0.283053369342
1.2,0.282684479754
1.21,0.282314478031
1.22,0.281943414702
1.23,0.281571342385
1.24,0.281198314216
1.25,0.280824382521
1.26,0.280449600983
1.27,0.280074022697
1.28,0.279697702661
1.29,0.279320694552
1.3,0.278943053993
1.31,0.278564835478
1.32,0.278186095113
1.33,0.277806889003
1.34,0.277427272705
1.35,0.277047303278
1.36,0.276667037742
1.37,0.276286533418
1.38,0.275905847797
1.39,0.27552503892
1.4,0.275144164789
1.41,0.274763283621
1.42,0.274382454946
1.43,0.274001737255
1.44,0.27362118984
1.45,0.273240872222
1.46,0.272860844354
1.47,0.272481165974
1.48,0.272101897608
1.49,0.27172309925
1.5,0.271344831303
1.51,0.270967155429
1.52,0.270590132066
1.53,0.270213821738
1.54,0.269838286756
1.55,0.269463587824
1.56,0.269089786222
1.57,0.268716944058
1.58,0.268345122782
1.59,0.267974384021
1.6,0.26760478956
1.61,0.267236401874
1.62,0.266869281429
1.63,0.266503491768
1.64,0.266139093697
1.65,0.265776149347
1.66,0.26541472055
1.67,0.265054869345
1.68,0.264696656971
1.69,0.264340145729
1.7,0.263985396521
1.71,0.263632470952
1.72,0.263281430264
1.73,0.262932335966
1.74,0.262585248257
1.75,0.262240228505
1.76,0.261897337087
1.77,0.261556633791
1.78,0.261218179145
1.79,0.260882032749
1.8,0.260548254163
1.81,0.260216901983
1.82,0.259888035169
1.83,0.259561712138
1.84,0.259237990788
1.85,0.258916928902
1.86,0.258598582668
1.87,0.258283009357
1.88,0.257970265187
1.89,0.25766040517
1.9,0.257353484463
1.91,0.257049557014
1.92,0.256748677101
1.93,0.256450897533
1.94,0.256156270318
1.95,0.255864847683
1.96,0.255576680205
1.97,0.255291817737
1.98,0.255010309717
1.99,0.254732204375
2,0.25445754961
2.01,0.254186391441
2.02,0.25391877522
2.03,0.253654746365
2.04,0.253394347386
2.05,0.253137620783
2.06,0.252884608075
2.07,0.252635348994
2.08,0.252389882571
2.09,0.252148245733
2.1,0.251910474645
2.11,0.251676604414
2.12,0.251446668195
2.13,0.25122069775
2.14,0.250998723105
2.15,0.250780772953
2.16,0.25056687456
2.17,0.250357052743
2.18,0.250151331431
2.19,0.249949731707
2.2,0.249752274268
2.21,0.249558976121
2.22,0.249369853133
2.23,0.249184919167
2.24,0.249004185916
2.25,0.248827662095
2.26,0.24865535545
2.27,0.248487270312
2.28,0.24832340876
2.29,0.248163770749
2.3,0.248008352918
2.31,0.247857150442
2.32,0.247710154331
2.33,0.247567353682
2.34,0.247428734849
2.35,0.247294280019
2.36,0.247163969391
2.37,0.24703778016
2.38,0.246915685151
2.39,0.246797654688
2.4,0.246683655495
2.41,0.246573651046
2.42,0.246467600573
2.43,0.246365460235
2.44,0.246267181651
2.45,0.246172713504
2.46,0.24608199981
2.47,0.245994980771
2.48,0.245911592647
2.49,0.245831766514
2.5,0.245755430416
2.51,0.245682507198
2.52,0.245612914768
2.53,0.24554656722
2.54,0.245483373446
2.55,0.245423237998
2.56,0.245366059957
2.57,0.245311733448
2.58,0.245260147402
2.59,0.245211186735
2.6,0.245164729403
2.61,0.245120649116
2.62,0.24507881397
2.63,0.245039086221
2.64,0.245001322894
2.65,0.244965375885
2.66,0.244931089933
2.67,0.244898305418
2.68,0.24486685628
2.69,0.244836570854
2.7,0.244807271282
2.71,0.244778774007
2.72,0.244750889116
2.73,0.244723421577
2.74,0.244696169396
2.75,0.244668925481
2.76,0.244641475664
2.77,0.244613600572
2.78,0.244585074816
2.79,0.244555666519
2.8,0.244525138214
2.81,0.244493247046
2.82,0.244459743677
2.83,0.244424373731
2.84,0.244386875577
2.85,0.244346984384
2.86,0.244304428276
2.87,0.24425893113
2.88,0.24421021014
2.89,0.244157979362
2.9,0.244101947301
2.91,0.244041817109
2.92,0.243977288651
2.93,0.243908056857
2.94,0.243833812805
2.95,0.24375424462
2.96,0.243669035555
2.97,0.243577866887
2.98,0.243480417169
2.99,0.243376361475
3,0.24326537319
3.01,0.243147124517
3.02,0.243021285247
3.03,0.242887524261
3.04,0.242745510747
3.05,0.242594912685
3.06,0.242435398965
3.07,0.24226663839
3.08,0.242088302012
3.09,0.241900061585
3.1,0.241701591822
3.11,0.24149256932
3.12,0.241272674576
3.13,0.241041591722
3.14,0.240799008781
3.15,0.240544618852
3.16,0.240278120737
3.17,0.239999219177
3.18,0.239707624945
3.19,0.239403056811
3.2,0.239085240133
3.21,0.238753909935
3.22,0.238408809043
3.23,0.238049690415
3.24,0.2376763162
3.25,0.237288460426
3.26,0.236885907291
3.27,0.236468452778
3.28,0.236035905471
3.29,0.235588086713
3.3,0.235124830706
3.31,0.23464598531
3.32,0.234151412827
3.33,0.233640990924
3.34,0.233114610765
3.35,0.2325721796
3.36,0.232013621172
3.37,0.231438874676
3.38,0.230847895638
3.39,0.230240656723
3.4,0.229617146252
3.41,0.228977372168
3.42,0.228321357394
3.43,0.227649143077
3.44,0.226960788278
3.45,0.226256369014
3.46,0.225535979806
3.47,0.224799731076
3.48,0.224047752681
3.49,0.223280190519
3.5,0.222497208903
3.51,0.221698987931
3.52,0.220885725729
3.53,0.220057636321
3.54,0.219214950072
3.55,0.218357914455
3.56,0.217486791158
3.57,0.216601857659
3.58,0.215703406712
3.59,0.214791744531
3.6,0.213867192231
3.61,0.21293008353
3.62,0.21198076525
3.63,0.211019596452
3.64,0.210046948044
3.65,0.209063201632
3.66,0.20806874967
3.67,0.207063994048
3.68,0.206049345971
3.69,0.205025224716
3.7,0.203992058762
3.71,0.202950281749
3.72,0.201900335441
3.73,0.200842666328
3.74,0.199777726253
3.75,0.1987059716
3.76,0.197627862241
3.77,0.196543861467
3.78,0.195454434352
3.79,0.194360048036
3.8,0.193261170755
3.81,0.192158270961
3.82,0.191051816894
3.83,0.189942276216
3.84,0.1888301149
3.85,0.187715797142
3.86,0.186599784433
3.87,0.185482535486
3.88,0.184364505243
3.89,0.183246144671
3.9,0.18212790021
3.91,0.181010212713
3.92,0.179893519061
3.93,0.178778249288
3.94,0.177664827216
3.95,0.176553670627
3.96,0.175445190696
3.97,0.174339790331
3.98,0.173237866303
3.99,0.172139806999
4,0.171045993271
4.01,0.169956797575
4.02,0.168872584042
4.03,0.167793708973
4.04,0.166720518763
4.05,0.165653352914
4.06,0.164592540311
4.07,0.163538401947
4.08,0.162491249293
4.09,0.161451385617
4.1,0.160419104059
4.11,0.159394689154
4.12,0.158378416168
4.13,0.15737055172
4.14,0.156371352302
4.15,0.15538106701
4.16,0.154399934121
4.17,0.153428183937
4.18,0.15246603767
4.19,0.151513707908
4.2,0.150571397579
4.21,0.149639302146
4.22,0.148717607804
4.23,0.14780649161
4.24,0.146906123705
4.25,0.146016664313
4.26,0.145138266355
4.27,0.144271074408
4.28,0.143415224589
4.29,0.142570845704
4.3,0.141738058095
4.31,0.140916974539
4.32,0.140107700028
4.33,0.139310331495
4.34,0.13852495974
4.35,0.137751666452
4.36,0.136990526346
4.37,0.136241607378
4.38,0.135504969229
4.39,0.13478066479
4.4,0.13406874006
4.41,0.13336923289
4.42,0.132682174769
4.43,0.132007589373
4.44,0.131345493112
4.45,0.130695895819
4.46,0.130058799287
4.47,0.129434197851
4.48,0.128822079428
4.49,0.128222423628
4.5,0.127635202361
4.51,0.12706038081
4.52,0.126497915519
4.53,0.125947755386
4.54,0.125409841574
4.55,0.124884106724
4.56,0.124370475425
4.57,0.123868863566
4.58,0.123379178304
4.59,0.122901318002
4.6,0.122435171723
4.61,0.121980619609
4.62,0.121537532272
4.63,0.121105769294
4.64,0.120685181722
4.65,0.120275609481
4.66,0.119876881514
4.67,0.119488816611
4.68,0.119111222012
4.69,0.118743893592
4.7,0.118386615042
4.71,0.11803915832
4.72,0.117701282498
4.73,0.117372735104
4.74,0.117053249202
4.75,0.116742545636
4.76,0.116440331274
4.77,0.116146299463
4.78,0.115860129457
4.79,0.11558148602
4.8,0.115310019656
4.81,0.115045366476
4.82,0.114787147526
4.83,0.114534969464
4.84,0.114288423415
4.85,0.114047086082
4.86,0.11381051898
4.87,0.113578269079
4.88,0.113349868744
4.89,0.113124835144
4.9,0.112902672207
4.91,0.112682869232
4.92,0.112464902819
4.93,0.112248235962
4.94,0.112032319311
4.95,0.111816592127
4.96,0.111600482858
4.97,0.111383408747
4.98,0.111164779308
4.99,0.110943994705
5,0.110720448697
5.01,0.110493529162
5.02,0.110262619429
5.03,0.110027099946
5.04,0.109786349337
5.05,0.109539746705
5.06,0.109286673012
5.07,0.10902651225
5.08,0.108758654813
5.09,0.108482497721
5.1,0.108197447542
5.11,0.1079029228
5.12,0.107598354999
5.13,0.107283191449
5.14,0.106956897559
5.15,0.10661895831
5.16,0.106268881034
5.17,0.105906197117
5.18,0.10553046413
5.19,0.105141268085
5.2,0.104738224333
5.21,0.104320981731
5.22,0.103889221676
5.23,0.103442660838
5.24,0.102981053941
5.25,0.102504192158
5.26,0.102011907798
5.27,0.101504072052
5.28,0.100980597661
5.29,0.100441439963
5.3,0.0998865949573
5.31,0.0993161023769
5.32,0.0987300434329
5.33,0.0981285415719
5.34,0.0975117626748
5.35,0.09687991289
5.36,0.0962332389036
5.37,0.0955720270398
5.38,0.0948966005259
5.39,0.0942073200073
5.4,0.0935045810582
5.41,0.0927888121612
5.42,0.0920604733202
5.43,0.0913200538016
5.44,0.0905680700921
5.45,0.0898050635957
5.46,0.0890315985196
5.47,0.0882482595677
5.48,0.0874556488851
5.49,0.0866543843124
5.5,0.0858450974049
5.51,0.0850284294672
5.52,0.0842050309259
5.53,0.0833755576035
5.54,0.0825406688795
5.55,0.0817010261856
5.56,0.0808572898616
5.57,0.0800101169481
5.58,0.0791601605054
5.59,0.0783080667866
5.6,0.0774544733573
5.61,0.0766000080851
5.62,0.0757452874765
5.63,0.0748909144092
5.64,0.0740374787884
5.65,0.0731855543115
5.66,0.0723356988386
5.67,0.0714884530359
5.68,0.0706443395096
5.69,0.0698038624769
5.7,0.0689675070896
5.71,0.0681357388
5.72,0.0673090032474
5.73,0.0664877261693
5.74,0.0656723132284
5.75,0.0648631489984
5.76,0.0640605989048
5.77,0.0632650078014
5.78,0.0624767003058
5.79,0.0616959818921
5.8,0.0609231381735
5.81,0.0601584358477
5.82,0.0594021229736
5.83,0.058654428909
5.84,0.0579155654193
5.85,0.0571857268906
5.86,0.0564650907471
5.87,0.0557538177585
5.88,0.0550520529975
5.89,0.0543599259262
5.9,0.0536775513736
5.91,0.0530050296667
5.92,0.0523424469547
5.93,0.0516898766715
5.94,0.0510473788516
5.95,0.0504150012121
5.96,0.0497927796433
5.97,0.0491807388468
5.98,0.0485788919057
5.99,0.0479872417306
6,0.0474057808122
6.01,0.0468344914624
6.02,0.0462733472336
6.03,0.0457223116701
6.04,0.0451813398659
6.05,0.0446503779401
6.06,0.0441293637334
6.07,0.0436182269406
6.08,0.0431168888381
6.09,0.0426252634117
6.1,0.0421432563252
6.11,0.041670766024
6.12,0.0412076831628
6.13,0.0407538909855
6.14,0.0403092649904
6.15,0.0398736737248
6.16,0.0394469777674
6.17,0.0390290304071
6.18,0.0386196776423
6.19,0.0382187572861
6.2,0.0378261000106
6.21,0.0374415281666
6.22,0.0370648568559
6.23,0.0366958929549
6.24,0.0363344350011
6.25,0.0359802738208
6.26,0.0356331917365
6.27,0.0352929624832
6.28,0.0349593520384
6.29,0.0346321174696
6.3,0.03431100718
6.31,0.0339957614538
6.32,0.0336861119857
6.33,0.0333817818834
6.34,0.0330824860788
6.35,0.0327879314001
6.36,0.0324978167287
6.37,0.0322118335777
6.38,0.0319296655325
6.39,0.0316509899563
6.4,0.031375477479
6.41,0.0311027932265
6.42,0.0308325969281
6.43,0.0305645441528
6.44,0.0302982865448
6.45,0.0300334739253
6.46,0.0297697537967
6.47,0.0295067735903
6.48,0.0292441812738
6.49,0.0289816271013
6.5,0.0287187649036
6.51,0.0284552531475
6.52,0.0281907564519
6.53,0.0279249481024
6.54,0.027657510238
6.55,0.0273881367339
6.56,0.0271165342254
6.57,0.0268424234232
6.58,0.0265655418603
6.59,0.0262856443821
6.6,0.0260025049194
6.61,0.0257159185767
6.62,0.0254257020439
6.63,0.0251316956817
6.64,0.0248337638115
6.65,0.0245317963569
6.66,0.0242257092392
6.67,0.0239154450719
6.68,0.0236009734661
6.69,0.0232822915435
6.7,0.0229594234251
6.71,0.0226324204547
6.72,0.0223013608571
6.73,0.0219663483796
6.74,0.0216275122578
6.75,0.0212850061021
6.76,0.020939006197
6.77,0.0205897104547
6.78,0.0202373370521
6.79,0.0198821226822
6.8,0.0195243206976
6.81,0.0191641993575
6.82,0.0188020399008
6.83,0.0184381349985
6.84,0.0180727861447
6.85,0.0177063021173
6.86,0.0173389971202
6.87,0.016971188615
6.88,0.0166031956892
6.89,0.0162353372705
6.9,0.0158679304216
6.91,0.0155012887536
6.92,0.0151357212459
6.93,0.0147715304908
6.94,0.0144090116479
6.95,0.0140484516018
6.96,0.0136901277062
6.97,0.0133343071049
6.98,0.0129812458642
6.99,0.0126311886145
7,0.0122843680414
7.01,0.0119410044579
7.02,0.0116013055447
7.03,0.0112654664275
7.04,0.0109336694023
7.05,0.0106060839564
7.06,0.0102828673283
7.07,0.00996416400795
7.08,0.009650106637
7.09,0.00934081583951
7.1,0.00903640072665
7.11,0.0087369596282
7.12,0.00844257978631
7.13,0.00815333847707
7.14,0.00786930316644
7.15,0.00759053201652
7.16,0.00731707428452
7.17,0.00704897111579
7.18,0.00678625563333
7.19,0.0065289538675
7.2,0.00627708469347
7.21,0.00603066086803
7.22,0.00578968898467
7.23,0.00555417026971
7.24,0.00532410083496
7.25,0.00509947226577
7.26,0.00488027171022
7.27,0.00466648247779
7.28,0.0044580843359
7.29,0.00425505377577
7.3,0.00405736452664
7.31,0.00386498756806
7.32,0.00367789149923
7.33,0.00349604292289
7.34,0.00331940648145
7.35,0.00314794509437
7.36,0.00298162032095
7.37,0.00282039228542
7.38,0.00266421990565
7.39,0.00251306119592
7.4,0.00236687302362
7.41,0.00222561158128
7.42,0.00208923229392
7.43,0.00195768980576
7.44,0.00183093813131
7.45,0.00170893079621
7.46,0.00159162056599
7.47,0.00147895984251
7.48,0.00137090028816
7.49,0.00126739321771
7.5,0.00116838924523
7.51,0.00107383842694
7.52,0.000983690311415
7.53,0.000897893855925
7.54,0.000816397293902
7.55,0.000739148360412
7.56,0.000666094091041
7.57,0.000597180889205
7.58,0.000532354581245
7.59,0.000471560302756
7.6,0.000414742690971
7.61,0.000361845797979
7.62,0.000312813239293
7.63,0.000267588196801
7.64,0.000226113630371
7.65,0.000188332323419
7.66,0.00015418704123
7.67,0.000123620765636
7.68,9.65768310406e-05
7.69,7.29992432865e-05
7.7,5.28328139559e-05
7.71,3.60235737435e-05
7.72,2.25190042074e-05
7.73,1.22683919639e-05
7.74,5.22316774399e-06
7.75,1.33728902538e-06
7.76,5.67601400062e-07
7.77,2.87423549254e-06
7.78,8.22099002865e-06
7.79,1.65757159823e-05
7.8,2.79107060858e-05
7.81,4.22030342688e-05
7.82,5.94349284563e-05
7.83,7.9594075915e-05
7.84,0.000102673896955
7.85,0.000128673820784
7.86,0.000157599507025
7.87,0.000189462994861
7.88,0.00022428283951
7.89,0.000262084200181
7.9,0.000302898864992
7.91,0.000346765235357
7.92,0.000393728273834
7.93,0.000443839420625
7.94,0.000497156401863
7.95,0.000553743056528
7.96,0.000613669233265
7.97,0.000677010316002
7.98,0.000743847243664
7.99,0.000814266007244
8,0.000888357407631
8.01,0.000966216851043
8.02,0.00104794394408
8.03,0.00113364221528
8.04,0.00122341886596
8.05,0.00131738440949
8.06,0.00141565245209
8.07,0.00151833940456
8.08,0.00162556433943
8.09,0.0017374486788
8.1,0.0018541159878
8.11,0.00197569184171
8.12,0.00210230368596
8.13,0.00223408071197
8.14,0.00237115352307
8.15,0.00251365442177
8.16,0.00266171691159
8.17,0.00281547588019
8.18,0.00297506745433
8.19,0.00314062881301
8.2,0.00331229826217
8.21,0.00349021516926
8.22,0.00367451969817
8.23,0.00386535292604
8.24,0.00406285668787
8.25,0.00426717337377
8.26,0.00447844575047
8.27,0.00469681711558
8.28,0.00492243062406
8.29,0.00515542944441
8.3,0.00539595619074
8.31,0.00564415285213
8.32,0.0059001603501
8.33,0.00616411800352
8.34,0.0064361630853
8.35,0.00671643035057
8.36,0.00700505151115
8.37,0.00730215428957
8.38,0.00760786189772
8.39,0.00792229188004
8.4,0.00824555568628
8.41,0.00857775715504
8.42,0.00891899150592
8.43,0.00926934432926
8.44,0.0096288900343
8.45,0.00999769065133
8.46,0.0103757939736
8.47,0.0107632323659
8.48,0.0111600206726
8.49,0.0115661545337
8.5,0.0119816087053
8.51,0.0124063348047
8.52,0.0128402594855
8.53,0.0132832824061
8.54,0.0137352739589
8.55,0.0141960734967
8.56,0.0146654872765
8.57,0.0151432861709
8.58,0.0156292044452
8.59,0.0161229375463
8.6,0.0166241409734
8.61,0.0171324290437
8.62,0.0176473739907
8.63,0.0181685051506
8.64,0.018695309496
8.65,0.0192272316477
8.66,0.0197636746157
8.67,0.0203040022944
8.68,0.0208475407125
8.69,0.0213935814447
8.7,0.0219413853324
8.71,0.0224901870301
8.72,0.0230391996738
8.73,0.0235876217816
8.74,0.0241346430239
8.75,0.0246794519404
8.76,0.0252212447137
8.77,0.0257592320141
8.78,0.0262926494888
8.79,0.026820765847
8.8,0.0273428926884
8.81,0.0278583934426
8.82,0.0283666924132
8.83,0.0288672834705
8.84,0.0293597374824
8.85,0.0298437102615
8.86,0.0303189481489
8.87,0.0307852938249
8.88,0.0312426900981
8.89,0.0316911827166
8.9,0.0321309217903
8.91,0.0325621620221
8.92,0.0329852620519
8.93,0.033400681034
8.94,0.0338089760467
8.95,0.0342107967785
8.96,0.034606880027
8.97,0.0349980430815
8.98,0.035385176883
8.99,0.0357692382381
9,0.0361512420337
9.01,0.0365322522969
9.02,0.0369133747428
9.03,0.0372957494222
9.04,0.0376805411846
9.05,0.0380689336489
9.06,0.0384621218568
9.07,0.0388613056594
9.08,0.0392676841815
9.09,0.0396824503043
9.1,0.0401067858297
9.12,0.0409888149951
9.13,0.0414487848162
9.14,0.0419228709911
9.15,0.0424121517038
9.16,0.0429176783607
9.17,0.043440473977
9.18,0.0439815326854
9.19,0.0445418189784
9.2,0.0451222681592
9.21,0.0457237842766
9.22,0.0463472417382
9.23,0.0469934840351
9.24,0.0476633236927
9.25,0.0483575419576
9.26,0.0490768878463
9.27,0.0498220775502
9.28,0.0505937938364
9.29,0.0513926828946
9.3,0.0522193549434
9.31,0.053074379564
9.32,0.0539582848397
9.33,0.0548715532815
9.34,0.0558146178918
9.35,0.0567878590771
9.36,0.0577915982484
9.37,0.0588260934362
9.38,0.0598915329766
9.39,0.0609880288512
9.4,0.0621156094726
9.41,0.0632742110373
9.42,0.0644636707038
9.43,0.0656837159445
9.44,0.0669339566046
9.45,0.068213873883
9.46,0.0695228109751
9.47,0.0708599627567
9.48,0.072224365936
9.49,0.0736148883869
9.5,0.075030219954
9.51,0.0764688641181
9.52,0.0779291297142
9.53,0.0794091239433
9.54,0.0809067482093
9.55,0.0824196943479
9.56,0.0839454444767
9.57,0.0854812728532
9.58,0.087024250782
9.59,0.0885712555438
9.6,0.0901189832453
9.61,0.0916639645825
9.62,0.0932025857467
9.63,0.0947311141013
9.64,0.0962457275484
9.65,0.0977425487369
9.66,0.0992176826449
9.67,0.1006672584
9.68,0.102087475251
9.69,0.103474647917
9.7,0.104825257379
9.71,0.106135999548
9.72,0.107403834819
9.73,0.108626034903
9.74,0.109800228849
9.75,0.110924443054
9.76,0.111997137967
9.77,0.113017237493
9.78,0.113984152822
9.79,0.11489779858
9.8,0.115758599177
9.81,0.116567490293
9.82,0.11732591113
9.83,0.118035786535
9.84,0.118699506184
9.85,0.119319894298
9.86,0.119900174263
9.87,0.120443930554
9.88,0.120955063811
9.89,0.121437747751
9.9,0.12189638032
9.91,0.122335539442
9.92,0.122759935578
9.93,0.123174368448
9.94,0.123583684688
9.95,0.123992740199
9.96,0.124406363571
9.97,0.124829327061
9.98,0.125266316051
9.99,0.125721908419
10,0.126200552974
10.01,0.126706555261
10.02,0.1272440642
10.03,0.127817063517
10.04,0.128429364382
10.05,0.129084603532
10.06,0.129786240728
10.07,0.1305375575
10.08,0.131341660437
10.09,0.132201482286
10.1,0.13311978481
10.11,0.134099161853
10.12,0.135142042721
10.13,0.136250692864
10.14,0.137427218468
10.15,0.138673564978
10.16,0.139991516633
10.17,0.141382697015
10.18,0.142848563075
10.19,0.144390401314
10.2,0.146009321028
10.21,0.147706244615
10.22,0.149481896982
10.23,0.15133679204
10.24,0.153271216552
10.25,0.155285213768
10.26,0.157378561832
10.27,0.159550752401
10.28,0.161800965793
10.29,0.164128045774
10.3,0.166530470702
10.31,0.169006325225
10.32,0.171553270076
10.33,0.174168512444
10.34,0.176848774871
10.35,0.179590268268
10.36,0.182388663304
10.37,0.18523906824
10.38,0.18813600879
10.39,0.191073411387
10.4,0.194044600693
10.41,0.197042294157
10.42,0.200058614531
10.43,0.203085110692
10.44,0.206112786804
10.45,0.209132152937
10.46,0.212133280116
10.47,0.215105876208
10.48,0.218039375421
10.49,0.22092304265
10.5,0.223746089575
10.51,0.226497805604
10.52,0.229167698686
10.53,0.2317456446
10.54,0.234222039671
10.55,0.236587956207
10.56,0.23883529561
10.57,0.240956933411
10.58,0.242946852594
10.59,0.244800265084
10.6,0.246513710415
10.61,0.248085133081
10.62,0.249513936697
10.63,0.250801009687
10.64,0.251948723283
10.65,0.252960904849
10.66,0.253842780366
10.67,0.254600898831
10.68,0.255243030154
10.69,0.255778046101
10.7,0.25621579195
10.71,0.256566939639
10.72,0.256842844454
10.73,0.257055392895
10.74,0.257216856492
10.75,0.25733974955
10.76,0.257436695384
10.77,0.257520304572
10.78,0.25760306196
10.79,0.257697230153
10.8,0.257814765858
10.81,0.257967249331
10.82,0.258165828146
10.83,0.258421173893
10.84,0.258743449341
10.85,0.259142287731
10.86,0.259626780192
10.87,0.260205471986
10.88,0.260886364952
10.89,0.261676920908
10.9,0.262584078913
10.91,0.263614260877
10.92,0.264773390758
10.93,0.266066906058
10.94,0.267499771246
10.95,0.269076488579
10.96,0.270801105831
10.97,0.272677221765
10.98,0.274707986105
10.99,0.276896094843
11,0.279243781715
11.01,0.281752803946
11.02,0.284424418879
11.03,0.287259359993
11.04,0.290257802556
11.05,0.293419324239
11.06,0.296742861724
11.07,0.300226657277
11.08,0.303868204091
11.09,0.30766418383
11.1,0.311610402906
11.11,0.31570172391
11.12,0.319931994776
11.13,0.324293982562
11.14,0.328779303899
11.15,0.333378365025
11.16,0.338080304908
11.17,0.342872950616
11.18,0.34774278978
11.19,0.352674953424
11.2,0.35765322554
11.21,0.36266007712
11.22,0.36767672489
11.23,0.372683226436
11.24,0.377658608365
11.25,0.382581029514
11.26,0.387427985587
11.27,0.392176549081
11.28,0.396803644766
11.29,0.401286357863
11.3,0.405602272343
11.31,0.409729825733
11.32,0.413648678949
11.33,0.417340085551
11.34,0.42078725645
11.35,0.423975698921
11.36,0.426893528473
11.37,0.429531733771
11.38,0.431884390667
11.39,0.43394881698
11.4,0.435725653459
11.41,0.437218884859
11.42,0.438435781306
11.43,0.439386777678
11.44,0.440085284885
11.45,0.440547451259
11.46,0.440791873836
11.47,0.440839277086
11.48,0.440712162636
11.49,0.440434454125
11.5,0.440031131705
11.51,0.439527884823
11.52,0.438950770468
11.53,0.43832590828
11.54,0.437679194864
11.55,0.437036058578
11.56,0.436421246309
11.58,0.435371152112
11.59,0.434980546367
11.6,0.434707433255
11.61,0.434571185531
11.62,0.434589919544
11.63,0.434780490549
11.64,0.435158504477
11.65,0.435738339628
11.66,0.436533180228
11.67,0.437555052532
11.68,0.438814864369
11.69,0.440322444246
11.7,0.442086573011
11.71,0.444115018717
11.72,0.446414554796
11.73,0.448990973418
11.74,0.451849089349
11.75,0.454992728519
11.76,0.45842470785
11.77,0.462146799082
11.78,0.466159677774
11.79,0.470462864641
11.8,0.475054641845
11.81,0.479931968337
11.82,0.485090372157
11.83,0.490523837904
11.84,0.496224680354
11.85,0.50218341314
11.86,0.508388614376
11.87,0.51482678472
11.88,0.521482219267
11.89,0.528336879899
11.9,0.53537029022
11.91,0.542559444571
11.92,0.549878758224
11.93,0.557300046092
11.94,0.564792551577
11.95,0.572323035068
11.96,0.579855922071
11.97,0.587353522859
11.98,0.594776328948
11.99,0.602083392838
12,0.609232786751
12.01,0.616182137102
12.02,0.62288924013
12.03,0.629312730288
12.04,0.63541280186
12.05,0.641151957878
12.06,0.646495763386
12.07,0.651413581499
12.08,0.655879267575
12.09,0.659871786421
12.1,0.663375736747
12.11,0.666381755403
12.12,0.668886791324
12.13,0.670894220395
12.14,0.672413823767
12.15,0.673461598476
12.16,0.67405944141
12.17,0.674234696359
12.18,0.674019594304
12.19,0.673450612129
12.2,0.672567771285
12.21,0.671413906157
12.22,0.670033922493
12.23,0.668474073873
12.24,0.666781276062
12.25,0.665002473551
12.26,0.663184071229
12.27,0.661371441035
12.28,0.65960850377
12.29,0.657937392484
12.3,0.656398188911
12.31,0.655028733632
12.32,0.653864493845
12.33,0.652938498163
12.34,0.652281308728
12.35,0.651921035476
12.36,0.651883384562
12.37,0.652191719609
12.38,0.652867143933
12.39,0.653928585392
12.4,0.655392881015
12.41,0.657274856086
12.42,0.65958739565
12.43,0.662341492844
12.44,0.665546287931
12.45,0.669209078264
12.46,0.673335309645
12.47,0.677928537187
12.48,0.682990361056
12.49,0.688520337456
12.5,0.694515854979
12.51,0.700971987901
12.52,0.70788132668
12.53,0.715233777127
12.54,0.723016345301
12.55,0.731212906332
12.56,0.739803960865
12.57,0.748766391927
12.58,0.758073229267
12.59,0.767693430252
12.6,0.777591691883
12.61,0.787728308369
12.62,0.79805909171
12.63,0.808535365739
12.64,0.819104061962
12.65,0.829707922755
12.66,0.840285832658
12.67,0.850773299258
12.68,0.861103072222
12.69,0.871205932546
12.7,0.881011621143
12.71,0.890449921127
12.72,0.899451857193
12.73,0.907950995682
12.74,0.915884801574
12.75,0.923196015287
12.76,0.929833990703
12.77,0.935755951012
12.78,0.94092810235
12.79,0.945326556709
12.8,0.948938022906
12.81,0.951760232156
12.82,0.953802075267
12.83,0.955083450398
12.84,0.955634821268
12.85,0.955496520985
12.86,0.954717820058
12.87,0.953355814282
12.88,0.951474183529
12.89,0.949141860422
12.9,0.946431685478
12.91,0.943419062125
12.92,0.940180695976
12.93,0.936793420054
12.94,0.933333142462
12.95,0.929873943973
12.96,0.926487315982
12.97,0.92324155308
12.98,0.920201292017
12.99,0.917427182051
13,0.914975678017
13.01,0.912898937342
13.02,0.911244806506
13.03,0.910056868127
13.04,0.909374552163
13.05,0.909233266069
13.06,0.909664558974
13.08,0.912352758771
13.09,0.914654897931
13.1,0.91762034065
13.11,0.92126352743
13.12,0.925595746749
13.13,0.93062513705
13.14,0.936356641889
13.15,0.942791912839
13.16,0.94992916658
13.17,0.957762988547
13.18,0.966284088528
13.19,0.975479009153
13.2,0.985329796943
13.21,0.995813635679
13.22,1.00690245841
13.23,1.01856254558
13.24,1.03075412958
13.25,1.0434310205
13.26,1.05654027427
13.27,1.07002193712
13.28,1.08380887972
13.29,1.09782677017
13.3,1.11199420158
13.31,1.12622301371
13.32,1.14041884202
13.33,1.15448190427
13.34,1.16830806182
13.35,1.18179014554
13.36,1.19481955758
13.37,1.20728811115
13.38,1.21909008637
13.39,1.23012444056
13.4,1.24029710458
13.41,1.24952327792
13.42,1.25772963784
13.43,1.26485634963
13.44,1.2708587961
13.45,1.27570892893
13.46,1.2793961848
13.47,1.28192789916
13.48,1.28332921786
13.49,1.2836424928
13.5,1.28292621022
13.51,1.2812534994
13.52,1.27871030579
13.53,1.27539331393
13.54,1.27140772847
13.55,1.26686498493
13.56,1.26188052062
13.57,1.256571637
13.58,1.25105554985
13.59,1.24544766455
13.6,1.23986009428
13.61,1.23440045213
13.62,1.22917089945
13.63,1.22426745104
13.64,1.21977950417
13.65,1.21578957382
13.66,1.21237319388
13.67,1.2095989596
13.68,1.20752867085
13.69,1.2062175495
13.7,1.20571450741
13.71,1.20606242164
13.72,1.20729841862
13.73,1.20945412284
13.74,1.21255587632
13.75,1.216624894
13.76,1.22167736487
13.77,1.22772446914
13.78,1.23477232666
13.79,1.24282185124
13.8,1.25186852806
13.81,1.26190210159
13.82,1.27290618493
13.83,1.28485779483
13.84,1.29772681891
13.85,1.31147543737
13.86,1.32605750344
13.87,1.34141793344
13.88,1.35749209734
13.89,1.37420528516
13.9,1.39147226085
13.91,1.4091969692
13.92,1.42727243885
13.93,1.44558093487
13.94,1.46399442621
13.95,1.48237540107
13.96,1.50057809585
13.97,1.51845014387
13.98,1.53583468219
13.99,1.55257289152
14,1.56850693945
14.01,1.58348325426
14.02,1.59735604936
14.03,1.6099909503
14.04,1.62126859928
14.05,1.63108805412
14.06,1.63936983229
14.07,1.64605841738
14.08,1.65112411513
14.09,1.65456413564
14.1,1.65640284668
14.11,1.65669118163
14.12,1.65550524036
14.13,1.65294416887
14.14,1.64912743036
14.15,1.64419162291
14.16,1.63828701007
14.17,1.63157392683
14.18,1.6242192126
14.19,1.61639282466
14.2,1.60826472257
14.21,1.60000212383
14.22,1.59176716548
14.23,1.58371500874
14.24,1.57599237138
14.25,1.56873647126
14.26,1.56207434272
14.27,1.55612247808
14.28,1.55098672791
14.29,1.54676242666
14.3,1.5435346643
14.31,1.54137866898
14.32,1.54036024317
14.33,1.54053622091
14.34,1.54195489726
14.35,1.5446564119
14.36,1.54867305343
14.37,1.55402946874
14.38,1.56074275537
14.39,1.56882243835
14.4,1.57827030167
14.41,1.58908009754
14.42,1.60123711416
14.43,1.61471761606
14.44,1.6294881624
14.45,1.64550482771
14.46,1.66271234356
14.47,1.68104318743
14.48,1.7004166705
14.49,1.72073806781
14.5,1.74189784638
14.51,1.76377107274
14.52,1.78621706896
14.53,1.80907940462
14.54,1.83218631838
14.55,1.85535164869
14.56,1.87837635834
14.57,1.90105070225
14.58,1.9231571018
14.59,1.94447368756
14.6,1.96477851796
14.61,1.98385433766
14.62,2.00149378324
14.63,2.01750480144
14.64,2.03171609036
14.65,2.04398227333
14.66,2.05418855005
14.67,2.06225456057
14.68,2.06813723067
14.69,2.07183243364
14.7,2.07337534652
14.71,2.07283951258
14.72,2.07033463091
14.73,2.06600324971
14.74,2.06001653799
14.75,2.05256940211
14.76,2.04387519665
14.77,2.03416032135
14.78,2.02365890861
14.79,2.0126078688
14.8,2.00124239611
14.81,1.98979210201
14.82,1.97847779446
14.83,1.96750895216
14.84,1.95708185147
14.85,1.94737830678
14.86,1.93856494596
14.87,1.93079293731
14.88,1.92419807512
14.89,1.91890114651
14.9,1.91500846217
14.91,1.91261251965
14.92,1.91179268642
14.93,1.91261586174
14.94,1.91513708023
14.95,1.91939997694
14.96,1.92543713011
14.97,1.93327021475
14.98,1.94290997438
14.99,1.95435598769
15,1.96759623251
15.01,1.98260644373
15.02,1.99934928033
15.03,2.01777332101
15.04,2.03781191132
15.05,2.0593819144
15.06,2.08238240819
15.07,2.10669341077
15.08,2.13217470695
15.09,2.15866488606
15.1,2.18598070549
15.11,2.21391690358
15.12,2.24224660477
15.13,2.27072244816
15.14,2.29907856031
15.15,2.32703349403
15.16,2.35429416923
15.17,2.38056085998
15.18,2.40553315611
15.19,2.4289167819
15.2,2.45043106432
15.21,2.46981675423
15.22,2.48684385654
15.23,2.50131905919
15.24,2.51309235167
15.25,2.5220624233
15.26,2.52818050935
15.27,2.53145242565
15.28,2.53193866481
15.29,2.52975253188
15.3,2.52505647528
15.31,2.51805683233
15.32,2.50899734081
15.33,2.49815181493
15.34,2.48581638893
15.35,2.47230174037
15.36,2.45792564443
15.37,2.44300615424
15.38,2.42785560494
15.39,2.4127755924
15.4,2.39805295477
15.41,2.3839567684
15.42,2.37073627237
15.43,2.35861963438
15.44,2.34781341335
15.45,2.33850259848
15.46,2.3308510782
15.47,2.32500239015
15.48,2.3210806655
15.49,2.31919161624
15.5,2.31942350972
15.51,2.32184803051
15.52,2.32652097228
15.53,2.33348271722
15.54,2.34275844884
15.55,2.35435809703
15.56,2.36827597625
15.57,2.38449012864
15.58,2.40296137325
15.59,2.42363208211
15.6,2.44642472233
15.61,2.47124020701
15.62,2.49795613977
15.63,2.52642502619
15.64,2.55647258825
15.65,2.58789630365
15.66,2.62046435407
15.67,2.65391514664
15.68,2.68795762553
15.69,2.72227255843
15.7,2.756515009
15.71,2.79031814198
15.72,2.82329848497
15.73,2.85506266067
15.74,2.88521556877
15.75,2.91336979593
15.76,2.93915599252
15.77,2.96223376989
15.78,2.98230261407
15.79,2.99911220057
15.8,3.0124715164
15.81,3.02225616619
15.82,3.02841341117
15.83,3.03096455129
15.84,3.03000450118
15.85,3.02569858657
15.86,3.01827680172
15.87,3.00802592042
15.88,2.99527999956
15.89,2.98040987583
15.9,2.96381226887
15.91,2.94589906939
15.92,2.9270872906
15.93,2.907790083
15.94,2.88840903404
15.95,2.86932793025
15.96,2.85090795838
15.97,2.83348431721
15.98,2.81736408177
15.99,2.80282515308
16,2.79011609515
16.01,2.77945662807
16.02,2.77103862511
16.03,2.76502735942
16.04,2.76156290561
16.05,2.76076149968
16.06,2.7627167703
16.07,2.76750074459
16.08,2.7751645348
16.09,2.78573866551
16.1,2.79923301697
16.11,2.81563632301
16.12,2.83491527119
16.13,2.85701317619
16.14,2.88184828489
16.15,2.90931176623
16.16,2.93926545366
16.17,2.9715394742
16.18,3.00592989246
16.19,3.04219654686
16.2,3.08006131948
16.21,3.11920706187
16.22,3.15927746058
16.23,3.19987815201
16.24,3.24057933284
16.25,3.28092017373
16.26,3.32041517254
16.27,3.3585625931
16.28,3.3948549281
16.29,3.42879119681
16.3,3.45989069984
16.31,3.48770769197
16.32,3.5118462094
16.33,3.53197427127
16.34,3.54783652053
16.35,3.55926448301
16.36,3.56618368381
16.37,3.56861713256
16.38,3.56668487747
16.39,3.56059969021
16.4,3.55065920326
16.41,3.53723508998
16.42,3.52076004598
16.43,3.50171345377
16.44,3.48060658895
16.45,3.45796820222
16.46,3.43433113818
16.47,3.41022050386
16.48,3.38614372515
16.49,3.36258261991
16.5,3.33998750447
16.51,3.31877318389
16.52,3.29931662669
16.53,3.28195604845
16.54,3.26699109602
16.55,3.2546838547
16.56,3.24526039204
16.57,3.23891257841
16.58,3.23579998228
16.59,3.23605162549
16.6,3.23976749767
16.61,3.24701965179
16.62,3.25785285481
16.63,3.27228467306
16.64,3.29030501285
16.65,3.31187505979
16.66,3.33692566541
16.67,3.36535519911
16.68,3.39702696783
16.69,3.43176629074
16.7,3.46935740569
16.71,3.50954039975
16.72,3.55200841645
16.73,3.59640545139
16.74,3.64232509453
16.75,3.68931058439
16.76,3.73685661635
16.77,3.78441325536
16.78,3.83139235221
16.79,3.87717663606
16.8,3.9211316468
16.81,3.96262035135
16.82,4.00102012483
16.83,4.03574146589
16.84,4.06624760032
16.85,4.09207390099
16.86,4.11284587766
16.87,4.12829457498
16.88,4.13826818235
16.89,4.14273901148
16.9,4.14180528095
16.91,4.13568754722
16.92,4.12472010692
16.93,4.10933803565
16.94,4.09006083406
16.95,4.06747389578
16.96,4.04220898901
16.97,4.01492495016
16.98,3.98628957078
16.99,3.9569634663
17,3.92758641403
17.01,3.89876643685
17.02,3.87107164702
17.03,3.84502467482
17.04,3.82109943239
17.05,3.79971978683
17.06,3.78125978158
17.07,3.76604495545
17.08,3.75435438555
17.09,3.74642311448
17.1,3.74244463073
17.11,3.74257317836
17.12,3.74692567856
17.13,3.75558310176
17.14,3.76859119623
17.15,3.78596046848
17.16,3.80766540441
17.17,3.83364290295
17.18,3.86378997633
17.19,3.89796078487
17.2,3.93596313512
17.21,3.97755461153
17.22,4.02243861255
17.23,4.07026056925
17.24,4.12060476174
17.25,4.17299216963
17.26,4.22687987593
17.27,4.28166257113
17.28,4.33667671262
17.29,4.39120781478
17.3,4.44450126519
17.31,4.49577686489
17.32,4.54424699636
17.33,4.58913804264
17.34,4.62971431083
17.35,4.66530330814
17.36,4.69532099805
17.37,4.71929535793
17.38,4.73688661117
17.39,4.74790255063
17.4,4.75230773601
17.41,4.75022581345
17.42,4.74193474232
17.43,4.72785536597
17.44,4.70853424303
17.45,4.68462214678
17.46,4.65684979246
17.47,4.62600252253
17.48,4.59289546553
17.49,4.55835051243
17.5,4.52317606877
17.51,4.48815021553
17.52,4.45400753402
17.53,4.42142955138
17.54,4.39103853114
17.55,4.36339418382
17.56,4.33899274127
17.57,4.3182678523
17.58,4.3015927375
17.59,4.28928308985
17.6,4.28160029058
17.61,4.27875453023
17.62,4.28090755626
17.63,4.28817479987
17.64,4.30062667918
17.65,4.31828898932
17.66,4.34114227824
17.67,4.3691202143
17.68,4.40210695692
17.69,4.43993362983
17.7,4.48237405427
17.71,4.52913996606
17.72,4.57987603497
17.73,4.63415508595
17.74,4.69147403395
17.75,4.75125114093
17.76,4.81282524392
17.77,4.87545773256
17.78,4.93833794964
17.79,5.00059272485
17.8,5.06130047848
17.81,5.11951018529
17.82,5.17426501128
17.83,5.2246300818
17.84,5.26972327142
17.85,5.30874748816
17.86,5.34102246529
17.87,5.36601388399
17.88,5.38335762997
17.89,5.39287716086
17.9,5.39459258046
17.91,5.38872057504
17.92,5.37566524661
17.93,5.35600064348
17.94,5.3304465062
17.95,5.29983916445
17.96,5.265099835
17.97,5.2272024839
17.98,5.18714319237
17.99,5.14591258202
18,5.10447233887
18.01,5.06373639166
18.02,5.02455688356
18.03,4.98771466171
18.04,4.95391378483
18.05,4.9237793776
18.06,4.89785808733
18.07,4.87662039661
18.08,4.86046409084
18.09,4.84971827206
18.1,4.84464737413
18.11,4.84545475895
18.12,4.85228556368
18.13,4.86522852143
18.14,4.88431661957
18.15,4.90952645547
18.16,4.94077629314
18.17,4.97792284314
18.18,5.02075689561
18.19,5.06899801452
18.2,5.12228859265
18.21,5.18018771718
18.22,5.24216537498
18.23,5.30759767651
18.24,5.37576393928
18.25,5.44584649272
18.26,5.51693418588
18.27,5.58803055179
18.28,5.65806739311
18.29,5.7259243928
18.3,5.79045486739
18.31,5.8505173402
18.32,5.90501190724
18.33,5.95291975493
18.34,5.99334357841
18.35,6.02554614941
18.36,6.04898417211
18.37,6.06333460175
18.38,6.0685111735
18.39,6.06466963288
18.4,6.0522012099
18.41,6.03171492599
18.42,6.00401035065
18.43,5.97004317146
18.44,5.93088637149
18.45,5.88768993303
18.46,5.84164171229
18.47,5.79393168569
18.48,5.74572112112
18.49,5.69811758313
18.5,5.65215604524
18.51,5.60878588475
18.52,5.56886315339
18.53,5.53314727462
18.54,5.50230119868
18.55,5.47689404922
18.56,5.45740533113
18.57,5.44422989219
18.58,5.43768291815
18.59,5.4380044354
18.6,5.44536282476
18.61,5.45985706774
18.62,5.48151748181
18.63,5.51030481797
18.64,5.54610771312
18.65,5.58873854219
18.66,5.63792787112
18.67,5.693317798
18.68,5.75445461827
18.69,5.8207814069
18.7,5.89163128272
18.71,5.96622228339
18.72,6.04365492307
18.73,6.12291366013
18.74,6.20287347911
18.75,6.28231275134
18.76,6.35993329378
18.77,6.43438812925
18.78,6.50431685968
18.79,6.56838779414
18.8,6.62534512419
18.81,6.67405859808
18.82,6.71357242927
18.83,6.74314977531
18.84,6.76230909925
18.85,6.77084919999
18.86,6.76886057132
18.87,6.75672203384
18.88,6.73508295129
18.89,6.70483275532
18.9,6.66706050951
18.91,6.62300807958
18.92,6.57402057356
18.93,6.5214975932
18.94,6.4668482593
18.95,6.4114521225
18.96,6.35662730182
18.97,6.30360628598
18.98,6.25351917775
18.99,6.20738366632
19,6.16610061684
19.01,6.13045409977
19.02,6.10111455251
19.03,6.0786439292
19.04,6.0635017814
19.05,6.05605135429
19.06,6.05656501884
19.07,6.06522844775
19.08,6.08214315782
19.09,6.1073271413
19.1,6.14071344722
19.11,6.18214671411
19.12,6.23137776918
19.13,6.28805656271
19.14,6.35172386772
19.15,6.42180237
19.16,6.49758795084
19.17,6.57824224621
19.18,6.6627876926
19.19,6.75010655096
19.2,6.83894542232
19.21,6.92792678776
19.22,7.01556893832
19.23,7.10031519285
19.24,7.18057271099
19.25,7.25476025848
19.26,7.32136327493
19.27,7.37899346626
19.28,7.42644912218
19.29,7.46277167765
19.3,7.48729383989
19.31,7.49967489676
19.32,7.4999198929
19.33,7.48838076864
19.34,7.46573935903
19.35,7.43297395863
19.36,7.39131262964
19.37,7.34217755588
19.38,7.28712506118
19.39,7.22778589026
19.4,7.1658095786
19.41,7.10281581237
19.42,7.04035456762
19.43,6.97987572338
19.44,6.922707975
19.45,6.87004611293
19.46,6.82294538098
19.47,6.78232134113
19.48,6.74895366588
19.49,6.72349237316
19.5,6.70646516438
19.51,6.69828476683
19.52,6.69925536863
19.53,6.70957748025
19.54,6.72935071454
19.55,6.75857418924
19.56,6.79714440439
19.57,6.84485061692
19.58,6.90136791048
19.59,6.96624835247
19.6,7.03891084813
19.61,7.11863053638
19.62,7.2045288786
19.63,7.29556580859
19.64,7.39053566386
19.65,7.48806870439
19.66,7.58664020748
19.67,7.68458894923
19.68,7.78014653053
19.69,7.87147836377
19.7,7.95673611533
19.71,8.03412019557
19.72,8.10194943793
19.73,8.1587337974
19.74,8.20324478678
19.75,8.23457781907
19.76,8.25220081807
19.77,8.25598436473
19.78,8.24621035168
19.79,8.22355825952
19.8,8.18907049688
19.81,8.14410024474
19.82,8.09024686965
19.83,8.02928459543
19.84,7.96309024681
19.85,7.89357506428
19.86,7.82262447593
19.87,7.75204829899
19.88,7.68354247885
19.89,7.61866227145
19.9,7.55880581598
19.91,7.50520657921
19.92,7.45893267027
19.93,7.42089109809
19.94,7.39183509902
19.95,7.37237285925
19.96,7.36297625748
19.97,7.36398849088
19.98,7.37562976799
19.99,7.39800043344
20,7.43108119777
20.01,7.47473028618
20.02,7.52867758271
20.03,7.59251605501
20.04,7.6656909976
20.05,7.74748789909
20.06,7.83702011484
20.07,7.93321777918
20.08,8.03481983581
20.09,8.1403713014
20.1,8.24822811778
20.11,8.35657196194
20.12,8.46343713708
20.13,8.56675105234
20.14,8.6643888639
20.15,8.75424138409
20.16,8.83429377627
20.17,8.90271076639
20.18,8.95792252387
20.19,8.99870430282
20.2,9.02424268026
20.21,9.03418193693
20.22,9.02864581257
20.23,9.00823236804
20.24,8.97398247007
20.25,8.92732527684
20.26,8.87000615935
20.27,8.80400400878
20.28,8.73144499508
20.29,8.65451939585
20.3,8.57540678169
20.31,8.49621303182
20.32,8.41892112552
20.33,8.34535586122
20.34,8.2771615518
20.35,8.21579085851
20.36,8.16250245855
20.37,8.1183651209
20.38,8.08426586175
20.39,8.0609200715
20.4,8.04888188754
20.41,8.04855334828
20.42,8.06019130931
20.43,8.08391132829
20.44,8.11968806683
20.45,8.16735200854
20.46,8.22658260033
20.47,8.29689814148
20.48,8.37764313219
20.49,8.46797412724
20.5,8.56684550576
20.51,8.67299706782
20.52,8.7849457367
20.53,8.90098401464
20.54,9.01918811552
20.55,9.13743854899
20.56,9.25345568495
20.57,9.36485182359
20.58,9.46920006661
20.59,9.5641183935
20.6,9.6473652951
20.61,9.71694106753
20.62,9.77118728086
20.63,9.80887568377
20.64,9.82927811584
20.65,9.83221017399
20.66,9.81804398044
20.67,9.78768865591
20.68,9.74254063522
20.69,9.684409161
20.7,9.61542451148
20.71,9.53793762738
20.72,9.45441958967
20.73,9.36736821166
20.74,9.27922708571
20.75,9.19232027792
20.76,9.10880378359
20.77,9.03063311495
20.78,8.95954517984
20.79,8.89705181559
20.8,8.84444206809
20.81,8.80279028825
20.82,8.7729674168
20.83,8.75565315206
20.84,8.75134717956
20.85,8.76037801607
20.86,8.78290847333
20.87,8.81893707221
20.88,8.86829512455
20.89,8.93063951189
20.9,9.00544155488
20.91,9.09197275162
20.92,9.18928861308
20.93,9.29621227196
20.94,9.41132012976
20.95,9.53293227892
20.96,9.65911087268
20.97,9.78766994812
20.98,9.91620006742
20.99,10.0421107306
21,10.1626924029
21.01,10.2751983116
21.02,10.3769439731
21.03,10.4654197451
21.04,10.5384091689
21.05,10.5941037705
21.06,10.6312038936
21.07,10.6489954715
21.08,10.6473945773
21.09,10.6269547166
21.1,10.5888361636
21.11,10.5347406859
21.12,10.4668188517
21.13,10.3875594456
21.14,10.299671453
21.15,10.2059684962
21.16,10.1092638086
21.17,10.0122814114
21.18,9.91758647338
21.19,9.82753544518
21.2,9.74424462158
21.21,9.66957451096
21.22,9.60512666108
21.23,9.55224938657
21.24,9.51204902958
21.25,9.4854037063
21.26,9.47297707123
21.27,9.4752300923
21.28,9.49242937429
21.29,9.52465105572
21.3,9.57177970061
21.31,9.63350209215
21.32,9.70929620475
21.33,9.79841610305
21.34,9.89987408867
21.35,10.0124218601
21.36,10.13453324
21.37,10.2643915033
21.38,10.3998850461
21.39,10.53861541
21.4,10.677921838
21.41,10.8149259469
21.42,10.9465990938
21.43,11.0698530564
21.44,11.181652058
21.45,11.2791411203
21.46,11.3597825327
21.47,11.4214896198
21.48,11.4627454982
21.49,11.4826947315
21.5,11.4811978153
21.51,11.458842322
21.52,11.4169094111
21.53,11.3572995566
21.54,11.282425878
21.55,11.1950863562
21.56,11.0983273839
21.57,10.9953103608
21.58,10.8891909056
21.59,10.7830172695
21.6,10.6796513421
21.61,10.5817127869
21.62,10.4915445324
21.63,10.411196403
21.64,10.3424228368
21.65,10.2866904957
21.66,10.2451917613
21.67,10.218860635
21.68,10.2083881883
21.69,10.2142352643
21.7,10.2366409009
21.71,10.2756253316
21.72,10.3309871298
21.73,10.4022944378
21.74,10.4888708467
21.75,10.5897770036
21.76,10.7037897301
21.77,10.8293811053
21.78,10.9647007551
21.79,11.1075653196
21.8,11.2554597105
21.81,11.4055549872
21.82,11.5547475891
21.84,11.8370502794
21.85,11.963293324
21.86,12.075156966
21.87,12.1696375921
21.88,12.2441801373
21.89,12.2968230635
21.9,12.3263173265
21.91,12.3322062737
21.92,12.3148572606
21.93,12.275441226
21.94,12.2158626653
21.95,12.138648208
21.96,12.0468061519
21.97,11.9436714836
21.98,11.8327505865
21.99,11.7175778136
22,11.601592662
22.01,11.4880425404
22.02,11.3799125138
22.03,11.2798805261
22.04,11.1902945505
22.05,11.113167118
22.06,11.0501821732
22.07,11.0027095449
22.08,10.9718227858
22.09,10.9583168672
22.1,10.9627230257
22.11,10.9853187517
22.12,11.0261316364
22.13,11.0849364514
22.14,11.1612454085
22.15,11.2542922665
22.16,11.3630115681
22.17,11.4860151539
22.18,11.6215688669
22.19,11.7675733646
22.2,11.921553737
22.21,12.0806633794
22.22,12.2417078491
22.23,12.4011940165
22.24,12.5554086932
22.25,12.7005284894
22.26,12.8327593713
22.27,12.9485000787
22.28,13.0445191742
22.29,13.1181314318
22.3,13.1673569422
22.31,13.1910460108
22.32,13.1889556088
22.33,13.1617682223
22.34,13.1110507753
22.35,13.0391586871
22.36,12.9490963433
22.37,12.8443496285
22.38,12.7287075452
22.39,12.6060889425
22.4,12.4803871691
22.41,12.355341235
22.42,12.2344375503
22.43,12.1208423941
22.44,12.0173621939
22.45,11.9264268846
22.46,11.8500906413
22.47,11.7900441962
22.48,11.7476334971
22.49,11.7238800954
22.5,11.7194996851
22.51,11.7349160266
22.52,11.7702683929
22.53,11.825411485
22.54,11.8999074859
22.55,11.9930107084
22.56,12.1036460954
22.57,12.23038372
22.58,12.3714124127
22.59,12.5245167307
22.6,12.6870624847
22.61,12.8559970015
22.62,13.0278706581
22.63,13.1988861334
22.64,13.3649805145
22.65,13.5219430106
22.66,13.6655672653
22.67,13.7918324409
22.68,13.8971020275
22.69,13.9783244868
22.7,14.0332166409
22.72,14.0595442113
22.73,14.0312925847
22.74,13.9773225511
22.75,13.9001899341
22.76,13.8031835425
22.77,13.6901366742
22.78,13.5652254814
22.79,13.4327727735
22.8,13.2970722258
22.81,13.162242893
22.82,13.0321187449
22.83,12.910173282
22.84,12.7994758004
22.85,12.702673705
22.86,12.6219942269
22.87,12.5592589382
22.88,12.5159049268
22.89,12.4930075008
22.9,12.4913003109
22.91,12.511189875
22.92,12.5527624766
22.93,12.6157823579
22.94,12.699681052
22.95,12.8035385487
22.96,12.9260580601
22.97,13.0655371257
22.98,13.21983911
22.99,13.3863702476
23,13.562068741
23.01,13.7434131458
23.02,13.9264577012
23.03,14.1069015721
23.04,14.2801970404
23.05,14.4416982526
23.06,14.5868471967
23.07,14.7113877233
23.08,14.8115922876
23.09,14.8844812866
23.1,14.9280122878
23.11,14.9412175111
23.12,14.9242727817
23.13,14.8784891806
23.14,14.8062284763
23.15,14.7107530346
23.16,14.596028346
23.17,14.4665003392
23.18,14.3268698694
23.19,14.1818836702
23.2,14.0361557245
23.21,13.8940268996
23.22,13.7594649945
23.23,13.6360025577
23.24,13.5267068839
23.25,13.4341748177
23.26,13.360544636
23.27,13.3075177416
23.28,13.2763838077
23.29,13.2680443144
23.3,13.2830306098
23.31,13.3215138625
23.32,13.3833053993
23.33,13.4678470095
23.34,13.5741918056
23.35,13.7009774895
23.36,13.8463949422
23.37,14.0081566141
23.38,14.1834704719
23.39,14.369026783
23.4,14.5610059593
23.41,14.7551162224
23.42,14.9466691017
23.43,15.1306986997
23.44,15.3021267097
23.45,15.4559695949
23.46,15.5875775156
23.47,15.6928876089
23.48,15.7686685548
23.49,15.8127305771
23.5,15.8240762655
23.51,15.8029733361
23.52,15.7509399107
23.53,15.6706442324
23.54,15.5657317379
23.55,15.4406007188
23.56,15.3001521117
23.57,15.1495387154
23.58,14.9939352518
23.59,14.838344322
23.6,14.6874462847
23.61,14.5454945294
23.62,14.4162525669
23.63,14.3029659634
23.64,14.2083606533
23.65,14.1346587526
23.66,14.0836037972
23.67,14.0564884429
23.68,14.0541791648
23.69,14.0771339119
23.7,14.1254100628
23.71,14.1986613452
23.72,14.2961236052
23.73,14.4165906065
23.74,14.5583824022
23.75,14.719310313
23.76,14.89664417
23.77,15.0870891819
23.78,15.2867811842
23.79,15.491310029
23.8,15.695780839
23.81,15.8949213064
23.82,16.08323984
23.83,16.2552338452
23.84,16.4056402358
23.85,16.5297121531
23.86,16.6234984502
23.87,16.6840975859
23.88,16.7098567662
23.89,16.7004915155
23.9,16.6571100594
23.91,16.5821392207
23.92,16.4791616951
23.93,16.3526855662
23.94,16.2078736768
23.95,16.0502622689
23.96,15.8854950981
23.97,15.7190928481
23.98,15.5562696599
23.99,15.401800734
24,15.2599385647
24.01,15.134370911
24.02,15.0282111882
24.03,14.9440112038
24.04,14.8837868113
24.05,14.8490481212
24.06,14.8408277221
24.07,14.8597018956
24.08,14.905801511
24.09,14.9788108078
24.1,15.0779536853
24.11,15.2019686864
24.12,15.3490753118
24.13,15.5169361256
24.14,15.7026208877
24.15,15.9025808994
24.16,16.1126434087
24.17,16.3280370446
24.18,16.5434592501
24.19,16.7531949899
24.2,16.9512921301
24.21,17.1317926329
24.22,17.2890104961
24.23,17.4178381022
24.24,17.5140543413
24.25,17.5746023348
24.26,17.5978041068
24.27,17.5834847861
24.28,17.5329897084
24.29,17.4490921434
24.3,17.3358040304
24.31,17.1981143517
24.32,17.0416868253
24.33,16.8725497949
24.34,16.6968070621
24.35,16.5203906941
24.36,16.3488676409
24.37,16.1873032706
24.38,16.0401780185
24.39,15.9113486532
24.4,15.8040433775
24.41,15.7208794716
24.42,15.6638930235
24.43,15.6345718381
24.44,15.6338845114
24.45,15.6623005686
24.47,15.8058596506
24.48,15.9194496491
24.49,16.0589867612
24.5,16.2223034479
24.51,16.4066053732
24.52,16.6084363608
24.53,16.8236591946
24.54,17.0474640429
24.55,17.2744169643
24.56,17.4985601708
24.57,17.7135726994
24.58,17.9129944645
24.59,18.0905083792
24.6,18.2402651396
24.61,18.3572251236
24.62,18.4374837258
24.63,18.4785430841
24.65,18.4410971817
24.66,18.3657127038
24.67,18.2571534734
24.68,18.12041634
24.69,17.9613651598
24.7,17.7863891034
24.71,17.6020727821
24.72,17.414905294
24.73,17.2310453529
24.74,17.0561492846
24.75,16.8952600834
24.76,16.7527494871
24.77,16.6323015865
24.78,16.5369253286
24.79,16.468983744
24.8,16.430229385
24.81,16.4218374734
24.82,16.4444304791
24.83,16.4980899641
24.84,16.5823535617
24.85,16.6961969034
24.86,16.8380022493
24.87,17.0055177288
24.89,17.4052421386
24.9,17.6294180798
24.91,17.8632225939
24.92,18.1008546625
24.93,18.3359369892
24.94,18.5616884217
24.96,18.9575730246
24.97,19.114610926
24.98,19.236855848
24.99,19.3201134855
25,19.3617163607
25.01,19.3607236848
25.02,19.3179967784
25.03,19.2361394631
25.04,19.1193118059
25.05,18.9729427198
25.06,18.8033785803
25.07,18.6175091442
25.08,18.4224088788
25.09,18.2250231405
25.1,18.0319172883
25.11,17.8490953171
25.12,17.68188516
25.13,17.5348811105
25.14,17.4119303187
25.15,17.3161492087
25.16,17.2499565222
25.17,17.2151115453
25.18,17.2127484966
25.19,17.243400434
25.2,17.307008623
25.21,17.402915352
25.22,17.5298406314
25.23,17.6858453008
25.24,17.8682856249
25.25,18.073767056
25.26,18.2981075517
25.27,18.5363234576
25.28,18.7826528553
25.29,19.0306316743
25.3,19.2732362626
25.31,19.5031011195
25.32,19.7128123178
25.33,19.8952657859
25.34,20.0440666026
25.35,20.153933351
25.36,20.2210634765
25.37,20.2434144458
25.38,20.2208629036
25.39,20.1552193551
25.4,20.0500962391
25.41,19.9106481308
25.42,19.7432193672
25.43,19.5549435823
25.44,19.3533399926
25.45,19.1459444271
25.46,18.9400014354
25.47,18.7422307027
25.48,18.5586691911
25.49,18.3945814403
25.5,18.2544249247
25.51,18.1418550029
25.52,18.0597541878
25.53,18.0102720185
25.54,17.9948644173
25.55,18.0143241644
25.56,18.0687968319
25.57,18.1577792553
25.58,18.2801000271
25.59,18.4338841326
25.6,18.6165065269
25.61,18.8245423185
25.62,19.0537243177
25.63,19.2989216677
25.64,19.5541555591
25.65,19.8126690863
25.66,20.0670668644
25.67,20.3095354538
25.68,20.532147186
25.69,20.7272379355
25.7,20.887835088
25.71,21.008098134
25.72,21.0837243036
25.73,21.1122690851
25.74,21.0933382453
25.75,21.0286239447
25.77,20.7781518609
25.78,20.6044061626
25.79,20.4080955548
25.8,20.1972212801
25.81,19.9798285747
25.82,19.7636675384
25.83,19.5559346527
25.84,19.3630972241
25.85,19.190792772
25.86,19.0437891363
25.87,18.9259883271
25.88,18.8404571807
25.89,18.7894697353
25.9,18.7745490021
25.91,18.7964989763
25.92,18.8554207389
25.93,18.9507095225
25.94,19.081032446
25.95,19.2442895071
25.96,19.4375634939
25.97,19.6570677329
25.98,19.8981039847
25.99,20.1550460724
26,20.4213671314
26.01,20.6897291208
26.02,20.9521510651
26.03,21.2002666263
26.04,21.4256713136
26.05,21.6203456755
26.06,21.7771248265
26.07,21.8901699926
26.08,21.9553883658
26.09,21.9707471615
26.1,21.9364379773
26.11,21.8548674037
26.12,21.7304752777
26.13,21.569406988
26.14,21.3790852899
26.15,21.1677362243
26.16,20.9439221805
26.17,20.7161250585
26.18,20.49240744
26.19,20.2801637266
26.2,20.0859594848
26.21,19.9154474484
26.22,19.7733430231
26.23,19.6634404467
26.24,19.5886515736
26.25,19.5510518311
26.26,19.5519211746
26.27,19.5917713419
26.28,19.670354127
26.29,19.7866486256
26.3,19.9388286522
26.31,20.124214784
26.32,20.3392190637
26.33,20.5792941367
26.34,20.8389022475
26.35,21.1115227352
26.36,21.3897183303
26.37,21.6652796826
26.38,21.9294628945
26.39,22.1733255746
26.4,22.3881529625
26.41,22.5659486908
26.42,22.6999475585
26.43,22.7850945959
26.44,22.8184302695
26.45,22.7993285471
26.46,22.7295529083
26.47,22.6131219237
26.48,22.4560043252
26.49,22.2656874029
26.5,22.0506762181
26.51,21.8199833666
26.52,21.5826602246
26.54,21.122268755
26.55,20.9144521065
26.56,20.7301979123
26.57,20.5747470892
26.58,20.4523463054
26.59,20.36628441
26.6,20.3189403114
26.61,20.3118281745
26.62,20.3456295805
26.63,20.4202061659
26.64,20.5345898616
26.65,20.6869514854
26.66,20.8745520766
26.67,21.0936852987
26.68,21.3396232882
26.69,21.6065824651
26.7,21.887729359
26.71,22.1752484461
26.72,22.4604933081
26.73,22.7342374946
26.74,22.9870315609
26.75,23.2096576988
26.76,23.393654784
26.77,23.531867834
26.78,23.6189615169
26.79,23.6518323504
26.8,23.6298617623
26.81,23.5549724441
26.82,23.4314793307
26.83,23.2657577283
26.84,23.0657766968
26.85,22.8405606213
26.86,22.5996435016
26.87,22.3525706062
26.88,22.1084852505
26.89,21.8758189383
26.9,21.6620859668
26.91,21.4737705917
26.92,21.316287344
26.93,21.1939921257
26.94,21.1102224501
26.95,21.0673480021
26.96,21.0668166198
26.97,21.1091851119
26.98,21.1941284272
26.99,21.3204248137
27,21.4859185687
27.01,21.6874661321
27.02,21.9208755555
27.03,22.1808540491
27.04,22.460982598
27.05,22.753740194
27.06,23.0506016411
27.07,23.3422309585
27.08,23.6187853428
27.09,23.87033218
27.1,24.0873635585
27.11,24.2613720344
27.12,24.3854318096
27.13,24.4547168805
27.14,24.4668866442
27.15,24.422282839
27.16,24.3239077783
27.17,24.1771871775
27.18,23.989553415
27.19,23.7699090366
27.2,23.5280408979
27.21,23.2740517208
27.22,23.0178614919
27.23,22.7688108028
27.24,22.5353777001
27.25,22.3250025673
27.26,22.1440039736
27.27,21.9975625023
27.28,21.8897483449
27.29,21.8235704056
27.3,21.8010284372
27.31,21.8231543083
27.32,21.8900331477
27.33,22.0007996757
27.34,22.153609461
27.35,22.3455893048
27.36,22.5727756807
27.37,22.8300549928
27.38,23.1111244801
27.39,23.4084967384
27.4,23.7135735408
27.41,24.0168139358
27.42,24.3080161635
27.43,24.5767214142
27.44,24.8127298863
27.45,25.0066976414
27.46,25.1507605637
27.47,25.2391149039
27.48,25.2684783237
27.49,25.2383649396
27.5,25.1511323032
27.51,25.0117929484
27.52,24.827619579
27.53,24.6076022638
27.54,24.361831898
27.55,24.1008842722
27.56,23.835266075
27.57,23.5749633689
27.58,23.3291102929
27.59,23.1057760491
27.6,22.9118542346
27.61,22.7530306908
27.62,22.633803724
27.63,22.5575320611
27.64,22.5264896545
27.65,22.5419114224
27.66,22.6040190196
27.67,22.7120208358
27.68,22.8640852756
27.69,23.0572913173
27.7,23.2875654215
27.71,23.5496192761
27.72,23.8369081684
27.73,24.1416345658
27.74,24.4548243247
27.75,24.7665025046
27.76,25.0659899596
27.77,25.3423297683
27.78,25.5848335413
27.79,25.7837140938
27.8,25.9307470146
27.81,26.0198854297
27.82,26.0477463865
27.83,26.0138978088
27.84,25.92090158
27.85,25.7741059185
27.86,25.5812193824
27.87,25.3517301087
27.88,25.0962502624
27.89,24.82586501
27.9,24.5515507573
27.91,24.2837045161
27.92,24.0318018498
27.93,23.8041800128
27.94,23.6079281229
27.95,23.448858452
27.96,23.3315307269
27.97,23.2593033715
27.98,23.2343897985
27.99,23.257903368
28,23.3298800819
28.01,23.449273637
28.02,23.6139227713
28.03,23.8204963278
28.04,24.064426992
28.05,24.3398506657
28.06,24.6395740215
28.07,24.9550976099
28.08,25.2767241379
28.09,25.5937796691
28.1,25.8949674683
28.11,26.1688588902
28.12,26.4045035796
28.13,26.5921152054
28.14,26.7237642468
28.15,26.7939933048
28.16,26.8002694038
28.17,26.7432048883
28.18,26.6265119862
28.19,26.4566981914
28.2,26.2425499323
28.21,25.9944806834
28.22,25.7238306558
28.23,25.442198723
28.24,25.160867327
28.25,24.8903552852
28.26,24.6401079978
28.27,24.418314537
28.28,24.2318280907
28.29,24.0861605087
28.3,23.9855213493
28.31,23.9328752179
28.32,23.9299963904
28.33,23.9775057619
28.34,24.0748811604
28.35,24.2204379743
28.36,24.4112829267
28.37,24.6432498387
28.38,24.9108324846
28.39,25.2071359581
28.4,25.5238737117
28.41,25.8514412103
28.42,26.1790972719
28.43,26.4952785902
28.44,26.7880597705
28.45,27.0457502773
28.46,27.2575929793
28.48,27.5097482973
28.49,27.5395202661
28.5,27.5032437586
28.51,27.4036432031
28.52,27.2465143943
28.53,27.0402517497
28.54,26.7952011655
28.55,26.5229294644
28.56,26.235500503
28.57,25.9448309549
28.58,25.6621723063
28.59,25.3977376515
28.6,25.1604680883
28.61,24.957917212
28.62,24.7962237266
28.63,24.6801402318
28.64,24.6130889436
28.65,24.5972202552
28.66,24.6334564439
28.67,24.7215093217
28.68,24.8598671087
28.69,25.0457522217
28.7,25.2750580734
28.71,25.5422798283
28.72,25.8404607646
28.73,26.1611822792
28.74,26.4946299938
28.75,26.8297692483
28.76,27.1546581926
28.77,27.4569137062
28.78,27.7243240611
28.79,27.9455741161
28.8,28.1110189912
28.81,28.2134179633
28.82,28.2485300896
28.83,28.2154827333
28.84,28.1168544875
28.85,27.9584588787
28.86,27.7488636731
28.87,27.4987201625
28.89,26.9252234577
28.9,26.6267946411
28.91,26.3364331397
28.92,26.0647843747
28.93,25.8211671407
28.94,25.6134482341
28.95,25.4480107063
28.96,25.3297818646
28.97,25.2622899304
28.98,25.2477237797
28.99,25.2869770355
29,25.3796648227
29.01,25.5241084947
29.02,25.7172905508
29.03,25.9547890002
29.04,26.2307077292
29.05,26.5376266859
29.06,26.8666022607
29.07,27.2072526666
29.08,27.5479631064
29.09,27.8762391163
29.1,28.1792211788
29.11,28.4443497596
29.12,28.6601392539
29.13,28.8169880763
29.14,28.9079283613
29.15,28.9292113776
29.16,28.880639245
29.17,28.7655893559
29.18,28.59072734
29.19,28.365454995
29.2,28.101178262
29.21,27.8104984111
29.22,27.5064254412
29.23,27.2016909705
29.24,26.9082070609
29.25,26.6366861945
29.26,26.3964121928
29.27,26.1951352069
29.28,26.0390560903
29.29,25.9328646818
29.3,25.8798004348
29.31,25.8817102759
29.32,25.9390860075
29.33,26.0510711451
29.36,26.6851560372
29.37,26.9786296329
29.38,27.300614445
29.39,27.6412244194
29.41,28.3319285582
29.42,28.656400575
29.43,28.9493037708
29.44,29.1980322722
29.45,29.3914711764
29.46,29.5208275985
29.47,29.5803490376
29.48,29.5678234908
29.49,29.4847819093
29.5,29.3363694805
29.51,29.1309068927
29.52,28.8792118848
29.53,28.5937827185
29.54,28.287952891
29.55,27.9751121149
29.56,27.6680596231
29.57,27.378522123
29.58,27.1168379751
29.59,26.8917868084
29.6,26.7105309842
29.61,26.5786311631
29.62,26.5001002969
29.63,26.4774661909
29.64,26.5118203086
29.66,26.7487689764
29.67,26.9463852166
29.68,27.1909210746
29.69,27.4759993935
29.7,27.7935851759
29.71,28.1339958925
29.72,28.4860078583
29.73,28.8370969441
29.74,29.1738437212
29.75,29.4825151776
29.76,29.749807129
29.77,29.9636969132
29.78,30.1143214631
29.79,30.194771525
29.8,30.2016879694
29.81,30.1355664536
29.82,30.0007200296
29.83,29.8049057579
29.84,29.5586763848
29.85,29.2745571688
29.86,28.9661629615
29.87,28.6473610621
29.89,28.0311528559
29.9,27.7571668166
29.91,27.519030784
29.94,27.0889338609
29.95,27.0552352199
29.96,27.0799280357
29.97,27.1629013751
29.98,27.302552101
29.99,27.4957437015
30,27.7377409511
30.01,28.0221387673
30.02,28.3408124065
30.03,28.6839240479
30.04,29.0400260409
30.05,29.3963011788
30.06,29.7389724554
30.07,30.0538965654
30.08,30.3273266819
30.09,30.5467938779
30.1,30.702020159
30.11,30.7857496427
30.12,30.7943782178
30.13,30.7282822429
30.14,30.5917915068
30.15,30.3928108344
30.16,30.1421527287
30.17,29.8526850525
30.18,29.5384141719
30.19,29.2136142679
30.2,28.8920850276
30.21,28.5865827504
30.22,28.3084344903
30.23,28.0673172972
30.24,27.8711680355
30.25,27.72618261
30.27,27.6060882628
30.28,27.6351522599
30.29,27.7238033933
30.3,27.8702266126
30.31,28.071000611
30.32,28.321030676
30.33,28.6134790544
30.34,28.9397224328
30.35,29.2893742152
30.36,29.6504140267
30.37,30.0094659044
30.39,30.6642642773
30.4,30.9315366629
30.41,31.1416177934
30.42,31.2844871453
30.43,31.3533891351
30.44,31.3454302516
30.45,31.2618474585
30.46,31.1079025664
30.47,30.8924202511
30.48,30.6270457914
30.49,30.3253370982
30.5,30.0018165276
30.51,29.6710927645
30.52,29.3471300735
30.53,29.0427029897
30.54,28.7690387601
30.55,28.5356237076
30.56,28.3501348931
30.57,28.2184537835
30.58,28.1447212633
30.59,28.131400394
30.6,28.1793223916
30.61,28.2877010464
30.62,28.4541107052
30.63,28.6744326107
30.64,28.9427844825
30.65,29.2514580652
30.66,29.590898925
30.67,29.9497701153
30.68,30.3151443777
30.69,30.6728651093
30.7,31.0081013886
30.71,31.306095612
30.72,31.5530654214
30.73,31.7371806176
30.74,31.8495012284
30.75,31.8847463325
30.76,31.8417741102
30.77,31.7236932258
30.78,31.5375863444
30.79,31.2938924211
30.8,31.0055477739
30.81,30.6870138002
30.82,30.3533177178
30.83,30.0192070535
30.84,29.6984797607
30.85,29.4035115096
30.86,29.1449684242
30.87,28.9316719225
30.88,28.7705719222
30.89,28.6667840572
30.9,28.6236517265
30.91,28.6428025961
30.92,28.7241791885
30.93,28.8660336188
30.94,29.0648869297
30.95,29.3154638906
30.97,29.9413257453
30.98,30.2966486594
30.99,30.6639457779
31,31.029144331
31.01,31.3772441451
31.02,31.6930185779
31.03,31.9618939237
31.04,32.1709403372
31.05,32.3098675723
31.06,32.3718935841
31.07,32.3543545752
31.08,32.2589562747
31.09,32.0916233066
31.1,31.8619722824
31.11,31.582496061
31.12,31.2675854983
31.13,30.9325233994
31.14,30.5925659387
31.15,30.2621894905
31.16,29.9545380867
31.17,29.6810691393
31.18,29.4513684859
31.19,29.2730915697
31.2,29.1519841267
31.21,29.0919397188
31.22,29.0950597457
31.23,29.1616919541
31.24,29.2904343177
31.25,29.4781021701
31.26,29.7196675173
31.28,30.3347741542
31.29,30.6885823413
31.3,31.0569688603
31.32,31.7797530059
31.33,32.1033715141
31.34,32.3815813427
31.35,32.6008810267
31.36,32.7503358463
31.37,32.8224966406
31.38,32.8140691376
31.39,32.7262241604
31.4,32.5644953269
31.41,32.3382817302
31.42,32.0600390361
31.43,31.7442863626
31.44,31.4065688168
31.45,31.0624982865
31.46,30.7269578469
31.47,30.4135108503
31.48,30.1340158448
31.49,29.898419534
31.5,29.7146840664
31.51,29.5888004064
31.52,29.5248431034
31.53,29.5250302416
31.54,29.5897630374
31.55,29.7176309901
31.56,29.9053800898
31.57,30.1478531722
31.58,30.4379231789
31.6,31.1223134247
31.61,31.4925393456
31.62,31.8626196189
31.63,32.2170108005
31.64,32.539856995
31.65,32.8159037411
31.66,33.0315369856
31.67,33.1758363918
31.68,33.2415035391
31.69,33.2255239885
31.7,33.1294536083
31.71,32.9592795306
31.72,32.724879608
31.73,32.4391712875
31.74,32.1170835345
31.75,31.7744955857
31.76,31.4272659892
31.77,31.0904356778
31.78,30.7776429826
31.79,30.5007481581
31.8,30.2696363972
31.81,30.0921532836
31.82,29.9741230088
31.83,29.9194041701
31.84,29.9299471835
31.85,30.0058286593
31.86,30.1452501301
31.87,30.3445006728
31.88,30.5978951837
31.89,30.8977122193
31.9,31.2341670119
31.91,31.5954649281
31.92,31.9679859357
31.93,32.3366479044
31.94,32.685482463
31.95,32.9984291321
31.96,33.2603129829
31.97,33.4579240587
31.98,33.5810748127
31.99,33.6234886258
32,33.5833799112
32.01,33.4636277101
32.02,33.2715122308
32.03,33.0180598774
32.04,32.7171057252
32.05,32.3842173995
32.06,32.035624835
32.07,31.6872723945
32.08,31.3540654934
32.09,31.0493373692
32.12,30.4100666777
32.13,30.3129431533
32.14,30.280861808
32.15,30.3151016153
32.16,30.4150134661
32.17,30.5780051441
32.18,30.7994935605
32.19,31.0728413465
32.2,31.3893074449
32.21,31.7380528547
32.22,32.1062510192
32.23,32.4793546898
32.24,32.8415634582
32.25,33.1765153309
32.26,33.4681907139
32.27,33.7019713624
32.28,33.865749232
32.29,33.9509441153
32.3,33.9532786969
32.32,33.7157633328
32.33,33.4903252556
32.34,33.2095582264
32.35,32.8884878584
32.36,32.5433641626
32.37,32.1906175435
32.38,31.8459817242
32.39,31.5238337712
32.4,31.2367565861
32.41,30.9952961396
32.42,30.8078669756
32.43,30.6807536387
32.44,30.618159235
32.45,30.6222615515
32.46,30.6932491933
32.47,30.8293231913
32.48,31.0266628497
32.49,31.2793678455
32.5,31.579401892
32.51,31.9165756909
32.52,32.2786171167
32.53,32.6513816876
32.54,33.0192527305
32.55,33.3657645316
32.56,33.6744509241
32.57,33.9298780292
32.58,34.1187703501
32.59,34.2310965712
32.6,34.2609602548
32.61,34.2071527872
32.62,34.0732735676
32.63,33.8673960274
32.64,33.6013374662
32.65,33.2896542554
32.66,32.9485154471
32.67,32.5946033972
32.68,32.2441568204
32.69,31.9122237817
32.7,31.6121438932
32.71,31.3552406421
32.72,31.1506808787
32.73,31.0054486583
32.74,30.9243816792
32.75,30.9102266741
32.76,30.9636819205
32.77,31.0834083288
32.78,31.2660043642
32.79,31.5059538717
32.8,31.7955696594
32.81,32.1249688384
32.82,32.4821270555
32.83,32.8530652533
32.84,33.2222208721
32.85,33.5730413859
32.86,33.888809291
32.87,34.1536648787
32.88,34.3537427585
32.89,34.4782921322
32.9,34.5206244832
32.91,34.478738673
32.92,34.3555165805
32.93,34.1584544794
32.94,33.8989770912
32.95,33.5914500068
32.96,33.2520439856
32.97,32.8976054793
32.98,32.5446573654
32.99,32.2086061915
33,31.903182184
33.01,31.6400972908
33.02,31.4288798957
33.03,31.2768330429
33.04,31.18906283
33.05,31.1685312324
33.06,31.2160995423
33.07,31.3305421394
33.08,31.5085247176
33.09,31.7445552835
33.1,32.0309306352
33.11,32.3577145143
33.13,33.0820769818
33.14,33.4498584129
33.15,33.7994357069
33.16,34.1139407106
33.17,34.3773789358
33.18,34.575781966
33.19,34.6983417721
33.2,34.7383678993
33.21,34.6939153187
33.22,34.5679751895
33.23,34.3681944135
33.24,34.1061731759
33.25,33.7964591634
33.26,33.4553949659
33.27,33.099975146
33.29,32.4114676875
33.3,32.1076332784
33.31,31.8470464764
33.32,31.6391974656
33.33,31.4913133776
33.34,31.4083858346
33.35,31.3932216095
33.36,31.4464828723
33.37,31.5666975936
33.38,31.7502354463
33.39,31.9912593747
33.4,32.2816776602
33.41,32.6111350885
33.42,32.9670930565
33.43,33.3350542468
33.44,33.6989839513
33.45,34.0419632011
33.46,34.3470763579
33.47,34.5984894908
33.48,34.7826234879
33.49,34.8892808149
33.5,34.9125631776
33.51,34.8514311559
33.52,34.7098085784
33.53,34.4962126938
33.54,34.2229749878
33.55,33.9051830877
33.56,33.5595053862
33.57,33.2030529784
33.59,32.522807055
33.6,32.2277301305
33.61,31.9784817485
33.62,31.7841077884
33.63,31.651358107
33.64,31.5847195488
33.65,31.5864642391
33.66,31.6566824326
33.67,31.7932839324
33.68,31.9919673819
33.69,32.2461719622
33.7,32.5470409655
33.71,32.8834402102
33.72,33.2420843421
33.73,33.607827303
33.74,33.9641656076
33.75,34.2939806733
33.76,34.5805083509
33.77,34.8084735542
33.78,34.9652756325
33.79,35.0420708371
33.8,35.034587679
33.81,34.9435386924
33.82,34.7745557538
33.83,34.5376601705
33.84,34.2463596152
33.85,33.9165194814
33.86,33.5651737743
33.87,33.2094213721
33.88,32.8655092093
33.89,32.5481506857
33.9,32.2700797104
33.91,32.0418064922
33.92,31.8715228697
33.93,31.7651006339
33.94,31.7261318591
33.95,31.7559717155
33.96,31.8537586212
33.97,32.016402006
33.98,32.238543704
33.99,32.5125145479
34,32.8283225192
34.01,33.1737212428
34.02,33.5344149857
34.03,33.8944547482
34.04,34.2368653043
34.05,34.544512455
34.06,34.8011742502
34.07,34.9927265255
34.08,35.108304802
34.09,35.1412777326
34.11,34.9573650472
34.12,34.7517380699
34.13,34.4849708691
34.14,34.1719776298
34.15,33.8294226276
34.16,33.4745511496
34.17,33.124165465
34.18,32.7938206286
34.19,32.497262416
34.2,32.2460878156
34.21,32.0495823167
34.22,31.9146775619
34.23,31.8459744179
34.24,31.8457858433
34.25,31.9141675112
34.26,32.0489196242
34.27,32.2455593657
34.28,32.4972795313
34.29,32.7949243796
34.3,33.1270275602
34.31,33.4799667053
34.32,33.8382914218
34.33,34.1852716904
34.34,34.5036885476
34.35,34.7768478346
34.36,34.9897455382
34.37,35.1302610212
34.38,35.1902181456
34.39,35.1661495034
34.4,35.0596337748
34.41,34.8771459047
34.42,34.6294465587
34.43,34.3306165684
34.44,33.9968922578
34.45,33.6454682301
34.46,33.2934088404
34.47,32.9567615467
34.48,32.6499112568
34.49,32.3851681597
34.5,32.172549801
34.52,31.9319062574
34.53,31.9121111326
34.54,31.9609730236
34.55,32.0768631895
34.56,32.2558492942
34.57,32.4916586459
34.58,32.7756513294
34.59,33.0968453888
34.6,33.4420472097
34.61,33.7961443735
34.62,34.14261122
34.64,34.7441952758
34.66,35.1199286701
34.68,35.1846946809
34.69,35.0927557095
34.71,34.6876293691
34.72,34.3980033955
34.73,34.070769929
34.74,33.7230221329
34.75,33.3719056229
34.78,32.4526990499
34.79,32.2329864011
34.8,32.0719323467
34.81,31.9751537374
34.82,31.9459080685
34.84,32.0914334332
34.85,32.2611196953
34.86,32.4881224273
34.87,32.7639945754
34.88,33.0779310592
34.89,33.416895546
34.9,33.7659063358
34.91,34.1085323664
34.92,34.4276291865
34.93,34.7063071583
34.94,34.9290735129
34.96,35.1590132984
34.97,35.152385846
34.98,35.0635420724
34.99,34.8978432014
35,34.6651110776
35.01,34.3787292954
35.02,34.0545059751
35.03,33.7094666048
35.05,33.0245530314
35.06,32.7156547077
35.07,32.4467219929
35.08,32.228162666
35.09,32.0679928213
35.1,31.9718215303
35.11,31.942878557
35.12,31.9820461908
35.13,32.0878717613
35.15,32.4819148832
35.16,32.7553800468
35.17,33.0660160384
35.18,33.4006710514
35.19,33.7442800563
35.2,34.0803827401
35.21,34.3918815621
35.22,34.6620281161
35.23,34.8755745718
35.24,35.0199734503
35.25,35.0864689886
35.26,35.0709130876
35.27,34.9741680448
35.28,34.8020242033
35.3,34.2756495167
35.31,33.9509440714
35.32,33.607538104
35.33,33.2624236227
35.34,32.9316587368
35.35,32.6296874642
35.36,32.3688950685
35.37,32.1593624404
35.38,32.0087657129
35.39,31.9223642345
35.4,31.9030269847
35.41,31.951260489
35.42,32.0652172023
35.44,32.4710387849
35.45,32.7472806989
35.46,33.0580520593
35.47,33.3898325098
35.48,33.7272859574
35.49,34.0538313756
35.5,34.352453528
35.51,34.6067311042
35.52,34.8020069021
35.53,34.9265729186
35.54,34.9727087847
35.55,34.9374102588
35.56,34.8226827089
35.57,34.6353467566
35.58,34.3863905691
35.59,34.0899807913
35.6,33.762290776
35.61,33.4203114915
35.62,33.0807819607
35.63,32.7593264804
35.64,32.4698318983
35.65,32.224052955
35.66,32.0314038807
35.68,31.8310599407
35.7,31.8958807165
35.71,32.0257730431
35.72,32.2148528192
35.73,32.4557667405
35.74,32.7387706649
35.75,33.0518263994
35.76,33.3808357428
35.77,33.7100655681
35.78,34.0228020933
35.79,34.302240586
35.8,34.5325700822
35.81,34.7001588934
35.82,34.7946994362
35.83,34.8101468853
35.84,34.745298498
35.85,34.6039120516
35.86,34.3943417082
35.87,34.1287557692
35.88,33.8220686603
35.89,33.4907518172
35.9,33.1516809941
35.91,32.8211396408
35.92,32.514045301
35.93,32.2434142617
35.94,32.0200398664
35.95,31.852336321
35.96,31.7462917079
35.97,31.7054775837
35.98,31.7310737681
36,31.9743210907
36.01,32.1824071914
36.02,32.437752915
36.03,32.7296178867
36.04,33.0450675593
36.05,33.3692942644
36.06,33.6861484128
36.08,34.2312460897
36.09,34.4284072409
36.1,34.5583469618
36.11,34.6128064967
36.13,34.4853900862
36.14,34.3107382213
36.15,34.0743599253
36.16,33.7897759803
36.17,33.4726568758
36.18,33.1396430294
36.19,32.8072646327
36.2,32.4910550064
36.22,31.9606023483
36.23,31.7676682412
36.24,31.6331876674
36.25,31.5618286368
36.26,31.5558531302
36.27,31.6151363918
36.28,31.7371704841
36.29,31.917052702
36.3,32.1474768624
36.31,32.4187617013
36.32,32.7189637517
36.34,33.3487367072
36.35,33.6463656339
36.36,33.910593123
36.37,34.126074464
36.38,34.2797101373
36.39,34.3617572079
36.4,34.3667224018
36.41,34.2938900455
36.42,34.1473919722
36.43,33.9358064366
36.44,33.6713568016
36.45,33.368844464
36.46,33.0444783803
36.47,32.7147530453
36.5,31.8440294978
36.51,31.6345743824
36.53,31.3875870886
36.54,31.3585782438
36.55,31.394242541
36.56,31.4928621358
36.57,31.6503312202
36.59,32.1134315137
36.6,32.3990118316
36.63,33.3091382853
36.64,33.5776600516
36.65,33.8023740713
36.66,33.9696295745
36.67,34.0688049611
36.69,34.040986501
36.7,33.91476589
36.72,33.4736724083
36.73,33.1840031478
36.74,32.8686559329
36.75,32.543927791
36.76,32.225682668
36.77,31.9285569376
36.78,31.6653948129
36.79,31.4468955709
36.8,31.2814290311
36.81,31.1749656934
36.82,31.1310701456
36.83,31.1509167031
36.84,31.2333011706
36.86,31.5689629483
36.87,31.8079319105
36.89,32.3751720683
36.9,32.6762157862
36.91,32.9683620937
36.92,33.2355186697
36.93,33.4621701749
36.94,33.6344939645
36.95,33.7414840984
36.96,33.7759305142
36.97,33.7350995835
36.98,33.6209994539
36.99,33.4401825087
37,33.2031198793
37.01,32.923255583
37.02,32.615890941
37.03,32.2970552151
37.04,31.9824906397
37.05,31.6868328063
37.06,31.4230164409
37.07,31.2018942666
37.08,31.0320290873
37.09,30.9196071691
37.1,30.8684216221
37.11,30.8798838133
37.12,30.9530352006
37.13,31.0845487661
37.14,31.2687267179
37.15,31.4975180724
37.16,31.7605945905
37.17,32.0455339768
37.18,32.3381619088
37.19,32.6230954245
37.21,33.1070849091
37.23,33.3836767278
37.24,33.4194308914
37.25,33.3814922137
37.26,33.2716164809
37.27,33.096045953
37.28,32.8649120799
37.29,32.5913171049
37.31,31.9774291034
37.32,31.6683828677
37.33,31.3775444049
37.34,31.1176978728
37.35,30.8995826542
37.36,30.7316784996
37.37,30.6201123327
37.38,30.568636368
37.39,30.5786361619
37.4,30.6491413402
37.41,30.7768283593
37.42,30.9560220231
37.43,31.1787192309
37.44,31.4346730116
37.45,31.7115848952
37.46,31.9954557578
37.47,32.2711356264
37.48,32.5230886584
37.49,32.7363506949
37.5,32.8976086123
37.51,32.9962841092
37.52,33.0254744752
37.53,32.9826029293
37.54,32.8696674218
37.55,32.6930433594
37.58,31.8956701861
37.59,31.5888640905
37.6,31.2869043756
37.61,31.0038670372
37.63,30.5421772188
37.64,30.382041059
37.65,30.2775645006
37.66,30.2322032966
37.67,30.2470673817
37.69,30.4502318618
37.7,30.6290866283
37.71,30.8493163772
37.72,31.100552118
37.73,31.3704492581
37.74,31.6450653686
37.75,31.9094368198
37.76,32.1483645497
37.77,32.3473792785
37.79,32.5778266726
37.81,32.5385405345
37.82,32.4161300406
37.83,32.2330027567
37.84,31.9996184573
37.85,31.7290642056
37.86,31.4359871608
37.87,31.1355368274
37.88,30.8424302821
37.89,30.5702080869
37.9,30.3307016395
37.91,30.1336951784
37.92,29.9867424891
37.93,29.895089488
37.94,29.8616564166
37.95,29.8870436061
37.96,29.9695393525
37.98,30.2874893043
37.99,30.5080795089
38,30.7562299552
38.01,31.0194150375
38.02,31.2836716959
38.03,31.5342212853
38.04,31.7562913665
38.05,31.9360962615
38.06,32.0618885374
38.07,32.1249544436
38.08,32.1204089407
38.09,32.0476609535
38.1,31.9104678575
38.11,31.7165691697
38.12,31.4769632895
38.13,31.204947108
38.14,30.91506258
38.15,30.6220848661
38.16,30.3401518407
38.17,30.08208863
38.18,29.858936755
38.19,29.6796643543
38.2,29.5510152181
38.21,29.4774490268
38.22,29.4611300873
38.23,29.5019333515
38.24,29.5974515942
38.25,29.7430041567
38.26,29.9316640421
38.27,30.1543347968
38.28,30.3999193735
38.29,30.6556270759
38.3,30.9074582691
38.31,31.1408868943
38.32,31.3417274058
38.33,31.497129364
38.34,31.5965987252
38.35,31.6329131025
38.36,31.6027921115
38.37,31.5072108343
38.38,31.3513011645
38.39,31.1438581552
38.4,30.8965360354
38.41,30.6228627479
38.42,30.3372132552
38.43,30.0538624474
38.44,29.7861991519
38.45,29.5461373391
38.46,29.3437209519
38.47,29.1868915227
38.48,29.0813744932
38.49,29.0306389961
38.5,29.0358934165
38.51,29.0960919193
38.52,29.2079426678
38.53,29.3659247796
38.54,29.5623365872
38.55,29.7874107267
38.56,30.0295394381
38.57,30.275653135
38.58,30.5117833976
38.59,30.7238162286
38.6,30.898403793
38.61,31.0239591236
38.63,31.0960423993
38.64,31.0359103213
38.65,30.9140533136
38.66,30.7371719529
38.67,30.5152061166
38.69,29.986587152
38.7,29.7076563725
38.71,29.4372496272
38.73,28.9701064347
38.74,28.7930072422
38.75,28.6632229615
38.76,28.585272318
38.78,28.5918348915
38.8,28.8044575978
38.81,28.9758499559
38.82,29.179868423
38.83,29.4060057379
38.84,29.6421402197
38.85,29.8750035873
38.86,30.0908339447
38.87,30.2762004727
38.88,30.4189456996
38.89,30.5091500848
38.9,30.5399942127
38.91,30.5083886346
38.92,30.4152668574
38.94,30.0673811508
38.95,29.8319640054
38.96,29.5720346662
38.97,29.3011899009
38.98,29.0329301856
38.99,28.779912637
39,28.5533884321
39.01,28.3628219142
39.02,28.2156630272
39.04,28.0706760892
39.05,28.076958816
39.06,28.1348675812
39.07,28.2410240276
39.08,28.3899101329
39.09,28.5739309977
39.11,29.0075286871
39.12,29.2333344095
39.13,29.4476997658
39.14,29.6373737626
39.15,29.7900024122
39.16,29.895068536
39.18,29.9347615756
39.19,29.8644914787
39.2,29.7373219072
39.21,29.5601653913
39.23,29.0972589811
39.24,28.8364011947
39.26,28.3211808217
39.27,28.0909202571
39.28,27.8925455799
39.29,27.7339924308
39.3,27.6211476037
39.32,27.5455292908
39.33,27.5838891127
39.34,27.670234927
39.35,27.7998373258
39.36,27.9659156312
39.37,28.1597492539
39.38,28.3708862964
39.39,28.5874876454
39.41,28.986010248
39.42,29.1427180929
39.44,29.3180672524
39.45,29.3231399785
39.46,29.2698338717
39.47,29.1603554886
39.48,29.0004750129
39.49,28.7989823525
39.5,28.5669068755
39.51,28.316619566
39.52,28.0609364155
39.53,27.812318005
39.54,27.582223232
39.55,27.3806366735
39.56,27.2157579476
39.57,27.0938219567
39.58,27.0190112742
39.6,27.017069839
39.61,27.0878776647
39.62,27.2017167092
39.63,27.3524422621
39.64,27.5319937909
39.7,28.5970749474
39.71,28.6653622632
39.72,28.6796820848
39.73,28.6377945125
39.74,28.5411083745
39.75,28.3945401473
39.76,28.206047008
39.77,27.9859118594
39.78,27.7458909216
39.79,27.4983399972
39.8,27.2554166292
39.81,27.0284216189
39.82,26.8273060079
39.84,26.5339024961
39.85,26.452398842
39.86,26.418197873
39.87,26.4316329463
39.88,26.4910064277
39.89,26.5926093566
39.9,26.7307652194
39.91,26.8979212803
39.92,27.0848198572
39.94,27.4741526583
39.95,27.6528613629
39.96,27.8051820616
39.97,27.920544884
39.99,28.0088332683
40,27.9733470059
40.01,27.884851235
40.02,27.7476919725
40.03,27.5692122153
40.04,27.3590882751
40.05,27.1285199777
40.07,26.6534647151
40.08,26.4317738187
40.09,26.2340784116
40.1,26.0685456774
40.11,25.9415348729
40.12,25.8574847995
40.13,25.8188648699
40.14,25.8261617775
40.15,25.8778847185
40.16,25.9705852273
40.17,26.0989011107
40.19,26.431975277
40.21,26.8015023811
40.22,26.9718937681
40.23,27.117519417
40.26,27.3136404429
40.27,27.2801470439
40.28,27.1957036093
40.29,27.0643468523
40.3,26.8930166772
40.31,26.6909285865
40.32,26.4688008121
40.33,26.2380430387
40.34,26.0099999161
40.35,25.7953135086
40.36,25.6034348522
40.38,25.3180410894
40.39,25.2350256062
40.4,25.1956496416
40.41,25.2003998224
40.42,25.2478425996
40.43,25.3346452809
40.44,25.4556223053
40.45,25.6038272557
40.46,25.7707193494
40.47,25.9464358412
40.49,26.2808509337
40.5,26.4175556888
40.51,26.5205347948
40.52,26.5818488577
40.53,26.5960746077
40.54,26.560795281
40.56,26.3481133945
40.57,26.1813928271
40.58,25.9855498133
40.59,25.7708944481
40.6,25.5483812158
40.61,25.3288854976
40.62,25.1225939809
40.63,24.9385372255
40.64,24.7842640459
40.65,24.6656375652
40.66,24.5867229489
40.67,24.5497360333
40.68,24.5550279
40.71,24.8003671238
40.72,24.9416372648
40.73,25.1000611858
40.74,25.2660737086
40.75,25.4292784211
40.76,25.5789882745
40.77,25.7048853388
40.78,25.7977533156
40.81,25.8171100516
40.82,25.7306335116
40.83,25.6019672623
40.84,25.43777849
40.85,25.2467391984
40.87,24.8245001611
40.88,24.6141813508
40.89,24.4175170876
40.9,24.2430250301
40.91,24.0977743095
40.92,23.9871963794
40.94,23.8830292459
40.95,23.8914393552
40.96,23.9385152528
40.97,24.0207938468
40.98,24.133102943
40.99,24.2686694209
41,24.4193042245
41.01,24.5756912134
41.02,24.7277997556
41.03,24.865424713
41.04,24.9788331629
41.06,25.1006371048
41.07,25.0980861833
41.08,25.0503884494
41.09,24.9590692744
41.1,24.8284560926
41.11,24.6652747301
41.12,24.4780575889
41.14,24.0705152513
41.15,23.8700803449
41.17,23.5208665012
41.18,23.3865066922
41.19,23.2860443007
41.2,23.2226925779
41.22,23.2115240268
41.24,23.3441223648
41.26,23.5848140786
41.27,23.7279643812
41.28,23.8745262824
41.31,24.2385799343
41.33,24.3330075003
41.34,24.3187467836
41.35,24.2616479699
41.36,24.163805149
41.38,23.8668199643
41.39,23.6829678579
41.4,23.4876931863
41.41,23.2905826405
41.42,23.1008817719
41.43,22.9270176619
41.44,22.7762449678
41.45,22.6544069557
41.46,22.565790328
41.47,22.513048178
41.48,22.4971676399
41.49,22.5174658015
41.5,22.5716070458
41.51,22.6556455041
41.52,22.7641060904
41.54,23.0256729219
41.56,23.2894961244
41.57,23.3994002988
41.58,23.4832596966
41.6,23.5471156868
41.61,23.5196427899
41.62,23.4518473093
41.63,23.346475689
41.64,23.2086402392
41.65,23.0453584926
41.66,22.8649630913
41.67,22.6764633671
41.68,22.4889328996
41.69,22.3109776246
41.7,22.1503139577
41.72,21.9055468475
41.73,21.8301719449
41.74,21.7893647678
41.75,21.7835505578
41.76,21.8115557982
41.77,21.8706334018
41.78,21.9565168404
41.8,22.1846920641
41.81,22.3120838511
41.82,22.4370842029
41.83,22.55088761
41.84,22.6450422089
41.85,22.7120499831
41.87,22.7428530052
41.89,22.6220861501
41.9,22.5088693953
41.91,22.3671165165
41.92,22.2039867266
41.93,22.0276750649
41.95,21.669893388
41.97,21.3585741166
41.98,21.2368480467
41.99,21.1440031121
42,21.0829121695
42.01,21.0549269466
42.02,21.0598653686
42.03,21.0960227734
42.04,21.1602075462
42.05,21.2478105551
42.06,21.3529249098
42.07,21.4685362003
42.08,21.5868019266
42.09,21.6994307594
42.11,21.8752879218
42.12,21.9242706592
42.13,21.9402259415
42.15,21.8642435137
42.16,21.7737815392
42.18,21.5081073464
42.2,21.1749480668
42.21,21.0029342472
42.22,20.8378847505
42.23,20.6869446978
42.24,20.5562375397
42.26,20.373736889
42.27,20.3275827436
42.28,20.3128398057
42.31,20.4417674837
42.32,20.530395866
42.33,20.63266455
42.34,20.7415349073
42.35,20.8493446172
42.36,20.9482118532
42.38,21.0894482147
42.39,21.1195003016
42.42,21.0098957924
42.44,20.7816989192
42.45,20.6347779137
42.46,20.4752743283
42.47,20.3108673492
42.48,20.1491874313
42.49,19.9973828597
42.5,19.8617788044
42.52,19.6589633199
42.54,19.5674727073
42.55,19.5658939339
42.56,19.5922774713
42.57,19.6438173658
42.58,19.7164258992
42.59,19.8048467075
42.6,19.902831007
42.61,20.0033923915
42.62,20.0991485824
42.65,20.28711108
42.66,20.2977113632
42.69,20.1399670595
42.71,19.8977594345
42.72,19.7507333081
42.73,19.5956394448
42.74,19.4397361121
42.76,19.1528436101
42.77,19.0336727973
42.78,18.9368606254
42.8,18.8215679477
42.82,18.8164469111
42.84,18.9100727627
42.85,18.9848970127
42.86,19.0713953661
42.87,19.1632585608
42.88,19.253660679
42.89,19.3356276996
42.9,19.4024721188
42.91,19.4482626089
42.92,19.468281926
42.93,19.4594170231
42.94,19.420426891
42.95,19.3520475161
42.96,19.2569174157
42.97,19.139335532
42.98,19.0048886297
42.99,18.8600013473
43,18.7114658246
43.02,18.429870845
43.03,18.3085938929
43.04,18.2067199861
43.05,18.1276905065
43.07,18.0459128736
43.08,18.0439315259
43.09,18.0663284652
43.1,18.1104246073
43.11,18.1724121046
43.12,18.2474699654
43.13,18.3299384267
43.14,18.4135637022
43.16,18.5582845316
43.17,18.6070924288
43.18,18.6333499413
43.19,18.6335394822
43.2,18.6058144703
43.21,18.5501571699
43.24,18.2416081395
43.25,18.1071947096
43.27,17.8272413966
43.28,17.6941262344
43.29,17.5730696724
43.3,17.4686975519
43.31,17.3846377211
43.32,17.3234183887
43.34,17.2738141073
43.35,17.2846447097
43.37,17.3670017602
43.38,17.431106129
43.39,17.5040370789
43.41,17.6532467889
43.43,17.7668700724
43.44,17.7967402741
43.45,17.8032681066
43.46,17.7841874599
43.47,17.7389027389
43.48,17.6685348928
43.49,17.5758137772
43.5,17.4648335614
43.51,17.3407073506
43.52,17.2091680915
43.53,17.0761632128
43.54,16.9474822274
43.55,16.8284430035
43.56,16.7236480063
43.57,16.6368095465
43.58,16.5706350777
43.6,16.5057166732
43.61,16.5069294379
43.62,16.5287353155
43.63,16.568429856
43.64,16.6223472926
43.65,16.6859849987
43.66,16.7541832039
43.67,16.8213672324
43.68,16.8818517426
43.69,16.9301949524
43.7,16.9615776483
43.71,16.9721698884
43.72,16.9594417078
43.73,16.9223756508
43.75,16.7790796231
43.76,16.6784247071
43.77,16.5640940484
43.78,16.4412859541
43.79,16.3155099104
43.8,16.1922284337
43.81,16.0765467595
43.82,15.9729648857
43.83,15.8851944753
43.84,15.8160344607
43.86,15.7397572166
43.87,15.7331642444
43.9,15.8213415489
43.91,15.8761838373
43.92,15.9365520743
43.93,15.9973377302
43.95,16.0991734333
43.96,16.1304392912
43.97,16.1432471395
43.98,16.1349293532
44,16.0511619513
44.02,15.8860643133
44.04,15.666542488
44.07,15.3195516496
44.08,15.2184370681
44.1,15.0607015197
44.12,14.9764851172
44.13,14.963722272
44.14,14.9695400124
44.15,14.9920280635
44.16,15.0284021863
44.17,15.0750974329
44.18,15.1279050752
44.19,15.1821603639
44.2,15.2329833219
44.21,15.2755663532
44.22,15.305492092
44.23,15.3190543122
44.24,15.3135471853
44.25,15.2874863915
44.26,15.2407313189
44.27,15.1744903699
44.29,14.9943550259
44.3,14.8881378532
44.31,14.7771872424
44.32,14.6662378753
44.33,14.5598413938
44.34,14.4621258756
44.35,14.3766096652
44.36,14.3060680573
44.37,14.252445977
44.38,14.2168077571
44.39,14.1993158975
44.41,14.2149503118
44.42,14.2440316163
44.43,14.2833020821
44.44,14.3289661654
44.45,14.3767752944
44.46,14.4222432367
44.47,14.4609053139
44.49,14.5018035514
44.5,14.4978250891
44.51,14.4750986576
44.52,14.4332733401
44.53,14.373244748
44.54,14.2970704644
44.55,14.2077897587
44.56,14.109172998
44.57,14.0054333376
44.58,13.9009334004
44.59,13.7999141119
44.6,13.7062638572
44.61,13.6233364533
44.64,13.4619166153
44.65,13.4409377315
44.66,13.4361510073
44.67,13.4461908005
44.68,13.4689209621
44.69,13.5015079346
44.73,13.6565800362
44.74,13.6814541635
44.75,13.6934539234
44.76,13.6900064146
44.77,13.6695183669
44.78,13.6315052283
44.79,13.576626469
44.8,13.5066220394
44.81,13.424159367
44.84,13.1377259474
44.85,13.0423070324
44.86,12.9531740591
44.87,12.8734869933
44.88,12.8058068997
44.9,12.7132178821
44.91,12.6898013346
44.92,12.6813460155
44.93,12.6866848898
44.95,12.7305610021
44.96,12.7634770976
44.97,12.7991774463
44.99,12.8639008827
45,12.885565442
45.01,12.895783018
45.02,12.8921163285
45.03,12.8730056416
45.04,12.837893866
45.08,12.561265673
45.09,12.471051543
45.1,12.3792749645
45.11,12.2895407584
45.12,12.2052074814
45.13,12.129221647
45.14,12.0639927941
45.15,12.0113065748
45.17,11.9472855862
45.18,11.936041928
45.19,11.9375319086
45.2,11.9500861619
45.22,11.9987869805
45.23,12.0289709413
45.24,12.0585737317
45.26,12.1023918949
45.27,12.1104417595
45.28,12.1060169436
45.29,12.0876303351
45.3,12.0546996033
45.31,12.0075905832
45.32,11.9475799764
45.33,11.8767428023
45.34,11.797780276
45.35,11.7138104327
45.36,11.6281457155
45.37,11.5440792434
45.38,11.4646958344
45.39,11.3927170118
45.4,11.3303828423
45.41,11.2793686322
45.42,11.2407319614
45.43,11.2148848598
45.44,11.2015870932
45.45,11.1999585635
45.46,11.2085113652
45.47,11.2252042143
45.48,11.2475232659
45.49,11.2725931357
45.5,11.2973199181
45.51,11.3185639815
45.52,11.3333348485
45.54,11.3334496465
45.55,11.3153134678
45.56,11.2840136159
45.57,11.2398350514
45.58,11.183889972
45.59,11.1180198602
45.6,11.0446430522
45.61,10.966567433
45.62,10.8867898593
45.63,10.8083019013
45.65,10.6661258907
45.66,10.6069891298
45.67,10.5580558559
45.68,10.5203145942
45.69,10.4941659356
45.7,10.4794154001
45.71,10.4752843956
45.72,10.4804396121
45.73,10.4930430859
45.74,10.5108263059
45.75,10.5311915198
45.76,10.5513416275
45.77,10.5684364759
45.78,10.5797685939
45.79,10.5829460801
45.8,10.5760659325
45.81,10.5578588745
45.82,10.5277879091
45.83,10.4860876057
45.84,10.4337388314
45.85,10.3723825629
45.86,10.3041845528
45.87,10.2316680762
45.88,10.1575338638
45.89,10.084484777
45.9,10.0150686249
45.91,9.95154727132
45.93,9.84922643885
45.94,9.81274758479
45.95,9.78673178944
45.96,9.77101194658
45.97,9.76489064621
45.98,9.76716739679
45.99,9.77618491073
46,9.78989729765
46.01,9.80596267243
46.02,9.82186118943
46.03,9.83503626688
46.04,9.84305262578
46.05,9.84376010073
46.06,9.83544838268
46.07,9.81697600655
46.08,9.78785796365
46.09,9.74830057919
46.1,9.69917905248
46.11,9.64196085157
46.12,9.57858532228
46.13,9.51131459499
46.15,9.374788315
46.16,9.31025333203
46.17,9.25100434575
46.18,9.19873036299
46.2,9.11974820893
46.21,9.09419188324
46.24,9.07003386595
46.25,9.07591112412
46.26,9.08598204723
46.27,9.09814109545
46.28,9.11012715883
46.29,9.11965092761
46.3,9.12453651036
46.31,9.12286738599
46.32,9.11312352294
46.33,9.09429501379
46.34,9.06595865752
46.36,8.98213094603
46.37,8.92874400997
46.39,8.80756770018
46.4,8.74396687016
46.41,8.68124979909
46.42,8.62146411787
46.43,8.56642883292
46.44,8.51765123695
46.45,8.47626662302
46.46,8.44299873569
46.47,8.41813830728
46.48,8.40153746556
46.5,8.39039921017
46.51,8.39352998269
46.52,8.40035463353
46.53,8.40898642596
46.54,8.41740548996
46.55,8.4235733496
46.56,8.4255592823
46.57,8.42166959657
46.58,8.41056816091
46.59,8.39137544441
46.6,8.36373433637
46.61,8.32783452149
46.62,8.28439228728
46.64,8.17997362975
46.65,8.12234907953
46.66,8.06364165795
46.67,8.00577907625
46.68,7.95057807948
46.7,7.85432784582
46.71,7.81561035956
46.72,7.78412882442
46.73,7.76012698463
46.74,7.74345669531
46.75,7.73358683656
46.76,7.72962586266
46.77,7.73035900393
46.78,7.73430164917
46.79,7.73976999257
46.8,7.7449688174
46.81,7.7480940442
46.82,7.74744489505
46.83,7.74153763913
46.84,7.72921066549
46.85,7.70970982068
46.87,7.6485044993
46.88,7.60764463345
46.89,7.56122426325
46.9,7.51062451929
46.91,7.45744403736
46.92,7.40338747011
46.93,7.35015654067
46.94,7.2993516022
46.95,7.25238872055
46.97,7.1743585013
46.98,7.14470236738
46.99,7.1216630941
47,7.10508970334
47.01,7.09449208638
47.02,7.08906230355
47.03,7.0877091673
47.04,7.08910727982
47.05,7.09176124681
47.06,7.09408465968
47.07,7.09449145644
47.08,7.09149486434
47.09,7.08380676217
47.1,7.07042843596
47.11,7.05072328046
47.12,7.02446301718
47.13,6.99184185457
47.14,6.95345687129
47.15,6.91025731698
47.16,6.86346918898
47.17,6.81450397003
47.18,6.76486106345
47.19,6.71603270384
47.2,6.66941811113
47.21,6.62625117021
47.22,6.58754354733
47.23,6.55404328623
47.24,6.52620781529
47.25,6.50418990343
47.26,6.48783536161
47.27,6.47669187678
47.3,6.46603934209
47.31,6.46621440501
47.32,6.46600307679
47.33,6.46402100839
47.34,6.45897903193
47.35,6.44976924063
47.36,6.43554263937
47.37,6.41577033066
47.38,6.39028121352
47.39,6.35927174455
47.41,6.28317305624
47.42,6.24001403192
47.43,6.1950486341
47.44,6.14958718549
47.45,6.10492887046
47.46,6.06228747866
47.49,5.95610264034
47.5,5.93005121605
47.51,5.9090802508
47.52,5.89303354394
47.53,5.88149486537
47.54,5.87380685356
47.55,5.86910054918
47.56,5.86633619226
47.57,5.8643554325
47.58,5.86194413287
47.59,5.85790345051
47.6,5.85112515458
47.62,5.82581114263
47.63,5.80612967582
47.64,5.78150010597
47.65,5.75211869829
47.66,5.71848020948
47.67,5.68133674631
47.68,5.64163925796
47.69,5.60046823759
47.7,5.55896054653
47.71,5.518238588
47.72,5.47934661248
47.73,5.4431971605
47.74,5.41052901868
47.76,5.35755122943
47.77,5.33762997692
47.78,5.32195703779
47.8,5.3016253906
47.81,5.29561025234
47.82,5.29119444333
47.84,5.28308544237
47.85,5.27731292987
47.86,5.26910790988
47.87,5.25767456867
47.9,5.19932817863
47.91,5.17160398429
47.92,5.14027156228
47.93,5.10599401751
47.94,5.06960029453
47.95,5.03202545385
47.96,4.99424802657
47.97,4.95722964066
47.98,4.92186085611
48,4.8590160883
48.01,4.8326060465
48.03,4.79105273508
48.04,4.77580478027
48.06,4.75465426674
48.07,4.7475556796
48.08,4.74175738113
48.09,4.7363887998
48.1,4.73054999596
48.11,4.72336513409
48.12,4.7140377852
48.13,4.70190380749
48.14,4.68647696024
48.15,4.66748263649
48.16,4.64487599397
48.17,4.61884250078
48.19,4.55827095153
48.2,4.52502903709
48.21,4.49085744716
48.22,4.4565910661
48.23,4.4230463924
48.24,4.3909758997
48.25,4.36102982202
48.26,4.33372626632
48.27,4.30942978883
48.28,4.28833799642
48.3,4.25569595061
48.31,4.2436883793
48.32,4.23399387063
48.33,4.2260267627
48.34,4.21910401492
48.35,4.21248122974
48.36,4.20539445252
48.37,4.19710583395
48.38,4.18695028809
48.39,4.17437947659
48.4,4.15899913761
48.41,4.14059598637
48.42,4.11915129165
48.43,4.09483968453
48.44,4.06801344288
48.45,4.03917417707
48.46,4.00893512326
48.47,3.9779779698
48.48,3.94700818103
48.49,3.91671231399
48.51,3.86057177802
48.52,3.83569498025
48.53,3.81338535571
48.55,3.77693561153
48.58,3.7406671803
48.59,3.73203810951
48.6,3.72423875775
48.61,3.71663931664
48.62,3.70859809912
48.63,3.6995000812
48.64,3.6887957914
48.66,3.66090924298
48.67,3.64324823801
48.68,3.62305452996
48.69,3.60048877518
48.7,3.57585799647
48.71,3.54959117216
48.72,3.52220735698
48.73,3.49427954477
48.74,3.46639753214
48.75,3.43913255201
48.77,3.38846232595
48.78,3.36585042269
48.79,3.34540742711
48.8,3.32725091581
48.81,3.3113754571
48.82,3.29765454572
48.83,3.28584759159
48.86,3.25808177165
48.88,3.24105265165
48.89,3.23142231164
48.9,3.22043033146
48.92,3.19302673847
48.93,3.17624259261
48.95,3.13656870082
48.96,3.11408662728
48.97,3.09029088775
48.98,3.06561530599
48.99,3.0405357222
49,3.01553946275
49.01,2.99109638344
49.02,2.9676331785
49.03,2.94551199632
49.04,2.92501388334
49.06,2.88954047586
49.07,2.87464063286
49.08,2.8615144868
49.09,2.84995533708
49.11,2.83031086501
49.12,2.82146005926
49.13,2.81268639127
49.14,2.80355307026
49.15,2.79364756187
49.16,2.78260756419
49.17,2.77014451326
49.18,2.7560625117
49.19,2.74027084385
49.2,2.72278884723
49.21,2.70374267453
49.22,2.6833543998
49.23,2.66192472353
49.24,2.6398110914
49.25,2.61740333796
49.26,2.59509891158
49.27,2.57327945976
49.28,2.55229008281
49.29,2.53242210775
49.31,2.49687101994
49.32,2.48140197607
49.33,2.46747550517
49.34,2.45499315894
49.35,2.44378075625
49.36,2.43359744438
49.37,2.42414817816
49.38,2.41509941672
49.39,2.4060975862
49.4,2.3967895524
49.42,2.37597205256
49.43,2.36394614562
49.44,2.35061439734
49.45,2.33591020901
49.46,2.31985550522
49.47,2.30255756859
49.48,2.28419985656
49.49,2.26502783359
49.5,2.24533127528
49.51,2.22542471325
49.52,2.20562761976
49.53,2.18624572333
49.54,2.16755448392
49.55,2.14978538398
49.56,2.1331153733
49.57,2.11765954836
49.59,2.09051978149
49.6,2.0787347087
49.61,2.06796822832
49.62,2.05802398143
49.63,2.04866315985
49.64,2.03961737356
49.65,2.03060363928
49.66,2.02134082588
49.67,2.01156663894
49.68,2.00105396225
49.69,1.98962529479
49.7,1.9771639904
49.71,1.96362128955
49.72,1.94901847443
49.75,1.90002067383
49.76,1.88259879619
49.77,1.86502971379
49.78,1.8475660485
49.79,1.83044895568
49.81,1.7980861504
49.82,1.78316000271
49.83,1.76920558166
49.84,1.75625941376
49.85,1.7443049631
49.86,1.73327430195
49.87,1.72305208794
49.88,1.71348180167
49.89,1.70437412049
49.92,1.6776688311
49.93,1.66825298015
49.94,1.65826519886
49.95,1.64756874678
49.96,1.63607469216
49.97,1.62374709176
49.98,1.61060439889
49.99,1.596717017
50,1.58220131008
